Country,Country ID,1991,1992,1993,1994,1995,1996,1997,1998,1999,2000,2001,2002,2003,2004,2005,2006,2007,2008,2009,2010,2011,2012,2013,2014,2015,2016,2017,2018,2019,2020,2021,2022
Afghanistan,AFG,no data,no data,no data,no data,no data,no data,no data,no data,no data,no data,no data,no data,-21.78613345,-9.473558415,-15.76160582,-88.86165521,-12.39093458,-5.361153095,-14.74420524,-52.62617406,-2.544708833,-9.886790427,2.145306321,26.00937499,5.215823291,-7.830568836,-5.210288416,-7.667833361,-16.9817567,20.66884348,no data,no data
Albania,ALB,no data,no data,no data,no data,19.20320914,18.1559185,48.19605016,10.89469789,1.366931627,9.667732029,-4.365553975,5.75431112,-6.01817813,-4.593336763,1.264369016,-2.593207499,-5.539206818,2.969342404,8.215364977,-3.284604912,2.927662161,4.579376527,5.489458207,6.867083401,3.769919064,-0.399107548,-3.122562432,-3.579461031,-2.780872878,13.26892832,-1.730817699,-9.156606956
Algeria,DZA,3.778007046,-2.13042004,39.07739208,0.473758121,6.174896683,-5.413545566,-12.25777582,0.413697086,-12.78492238,-23.3517377,-6.371610752,-5.511614268,-19.28253975,-14.92692,-25.27479293,-10.16960844,-42.85767268,-40.34901625,21.32841432,7.333852316,-11.79320687,0.771029354,-23.93554522,7.962333515,14.0369369,134.0267112,33.28897131,40.83576299,20.01731524,12.94982124,20.78976121,-16.59459483
Angola,AGO,no data,no data,no data,no data,no data,-33.39460903,-20.14291812,31.14314993,8.808707696,-2.843076593,-15.2407773,-35.03683065,-21.38480244,-17.68355079,-29.86986896,-44.03308952,12.359069,49.11132036,79.43090668,-33.99403707,-20.46432722,-9.70019279,24.19785887,20.09331338,43.41435174,32.52513164,-8.378996508,34.14765497,22.10782658,22.31791675,-37.46407824,-22.80740268
Antigua and Barbuda,ATG,1.023657964,-3.628621162,-5.585538388,-0.54450167,9.666990288,-6.762267959,-5.073810933,17.91096348,1.943066146,0.506490477,12.19260748,7.078893258,-0.969407375,-3.95673398,-22.90298619,-3.793672454,-12.70119733,-2.307438527,32.4293289,-10.82159788,2.296597069,-4.693657391,9.482879,5.823178945,-2.2668086,-13.06674665,7.044151629,-4.873643141,-7.353228143,24.8934292,0.867855309,-11.52377574
Argentina,ARG,-26.39175148,-15.6862758,-3.152944011,5.701430366,8.173495986,5.858241224,-2.687968523,7.801164809,13.96937662,4.922921271,17.56865321,206.6296946,-14.9731879,-5.819503607,-31.89407501,-11.81975185,-12.23287157,-13.38885596,2.942046868,-21.55847348,-10.40048844,3.855654817,7.567558955,2.760664182,17.59809264,0.946558649,7.477664801,49.48191617,4.209813108,15.70853543,-21.26403082,4.365567467
Armenia,ARM,no data,no data,no data,no data,no data,no data,14.0289292,-2.825537043,-13.27408586,1.012077302,-3.879070529,0.489969509,-13.67883809,-19.89926901,-22.60734698,-20.93240401,-11.94713851,2.683120907,133.3129333,-1.115901423,5.762891872,-0.285443811,2.050919717,8.342848289,12.12184785,17.66459138,3.419156563,-4.602736782,-2.238154419,26.72990577,-5.082210837,-18.21574937
Australia,AUS,-1.378579518,19.82644277,23.96754641,12.45955062,11.21281812,-3.352826086,-4.068343987,-20.62168241,-5.187509438,-11.3051693,-12.50453777,-13.93838507,-12.97192191,-9.976286123,-9.090694334,-10.82603138,-7.343782433,25.2416896,51.12351418,23.9194664,19.34314254,13.24913821,10.45190996,15.76094066,15.69276749,11.14979206,2.382834067,1.660017496,11.13776298,19.2628022,-6.012078948,-5.796994572
Austria,AUT,1.51812608,0.131507212,8.127071041,5.359586344,4.782825176,0.65805306,2.198642885,0.009524798,1.81735879,-2.357994948,-2.569179516,-0.70427687,0.09627307,2.212434946,-0.548850445,-2.491719945,-4.317784895,6.242853429,6.231402992,1.993823971,-1.131449856,0.711459189,0.656448913,-1.634824305,-1.799725516,0.446446614,-1.556219434,-3.941779498,-4.318227198,18.81315037,-0.033724988,-3.055160978
Azerbaijan,AZE,no data,no data,no data,no data,64.56093361,-12.95153824,-25.45003388,14.64100144,77.83317937,-10.13842834,6.787718143,-5.616237193,-5.167340436,-55.51647361,-29.40607964,-22.72917862,-24.41790307,-19.54760378,46.74097943,5.388779713,-0.281120615,17.39000442,5.972527799,38.09436216,110.7252406,14.61555088,9.220947289,-16.98559758,-5.508068527,20.79186337,24.00488799,-21.82400753
"Bahamas, The",BHS,16.38589336,16.16412494,10.54387563,3.119319791,0.58466824,-1.30173223,3.044719255,-3.918524999,-6.814543549,0.23779205,-2.663599773,3.332044217,10.8141072,2.616564432,3.006561674,3.333898775,0.936876448,10.72019648,21.4247042,9.003769783,4.790862229,3.237604336,21.80062282,4.000187373,4.757654918,5.949952169,5.010462703,13.2353225,-2.077662407,46.57779266,3.712312418,-7.066196668
Bahrain,BHR,-7.296402823,-3.85509941,-7.82302986,-5.451437691,142.2726385,-3.69140304,12.49209498,35.50872271,23.37147507,0.108054415,1.28670717,8.831041757,14.35230724,-9.414792959,-17.69892593,-16.29346187,-19.29054574,-23.13951065,70.04648021,40.48200757,9.300424066,10.38496431,21.34802927,1.048289478,49.05126711,22.89240461,8.365717574,7.350401105,7.428444913,26.47794318,-1.764510019,-6.881990129
Bangladesh,BGD,0.876597693,4.338695716,2.766259499,4.20960982,-7.331674715,-5.636765559,-6.341890268,7.070395847,4.975900125,-4.505526897,18.83574349,4.934161673,-4.773232295,-1.238593107,-2.80654183,-0.636216682,-0.971253873,-3.19743709,-2.539946625,-10.26061989,-0.775224549,-1.071645598,-2.524359477,1.194852925,-1.662484541,-1.723035093,2.114693242,4.405047821,8.115845769,8.005966598,3.20217175,9.753029118
Barbados,BRB,3.190431245,6.397299618,2.453167946,20.76109873,3.929980559,0.845461177,1.737593625,-9.731226234,-0.633998968,13.09551167,10.59697903,5.585959512,0.838020374,0.406872082,3.817876692,3.461827271,0.103364471,5.253931881,22.41702824,8.516404469,3.148335655,10.47858272,9.004824352,3.023328794,6.118110115,1.813004204,5.661824498,-20.0125312,-6.02796764,17.78203116,0.429799546,-10.35617603
Belarus,BLR,no data,no data,no data,no data,61.25799288,-79.64577484,-2.34648105,54.94296419,-21.53198654,-16.47791825,6.469541471,-3.674052044,-4.338632636,-14.41510498,-7.366367878,6.36780057,30.77870521,12.55303436,71.47976767,4.928564146,108.6347143,-35.37660844,1.715334092,6.813296213,42.43625351,0.498149789,0.141495091,-9.956173806,-11.54681703,17.32362278,-12.12684792,no data
Belgium,BEL,2.450142926,2.039923085,5.989414191,-2.421352432,3.470413402,-2.194993223,-2.350753173,-4.042695454,-2.800152558,-4.75767898,-0.784676725,-2.912768533,-6.257756609,-4.751853791,-1.449231142,-3.564889042,-4.528842189,7.168897423,4.53924345,-0.841142345,3.148920008,0.567890773,0.721103504,0.473434621,-1.343374682,0.364739984,-2.429743228,-2.321125852,-2.484845398,12.91245657,-2.290278112,-5.243933883
Belize,BLZ,3.22929798,1.011493923,-1.315780186,2.391535295,13.45951887,7.311405037,3.46362491,-0.806605996,8.195834498,85.63294752,-36.81318278,7.517217977,26.18229306,5.139435769,3.04083505,-2.142258253,-6.906031874,-2.723210309,7.715033139,-1.729024998,-3.146995706,-4.597659808,-1.004033795,-2.227024629,4.831207554,8.282791142,10.81467835,0.822626278,-0.688714271,30.82965313,-21.00357211,-19.94640361
Benin,BEN,-2.7386372,-5.07871417,0.193682086,54.2811312,-25.31321721,-9.993118696,-1.127921338,-3.192013918,-5.199972027,0.464409782,-4.054941265,-19.00271754,-24.00929436,-8.003650958,25.42411972,-68.98925346,70.75896335,28.14488952,2.409096362,12.01260388,4.098357508,-10.61372636,-5.304244831,20.41926356,38.67752576,16.25593064,10.2304307,3.742285487,0.363413774,11.9148119,8.987197294,4.170718477
Bhutan,BTN,22.04282222,6.248874068,5.683869151,4.88981307,-12.10216863,3.16485058,-7.093713451,10.38196367,7.768139652,12.23786496,18.90291494,10.23023521,19.46790486,9.79452852,3.766970724,2.60670338,-17.1084629,-10.12629874,1.018496954,-7.174017694,13.3506137,14.81112719,28.90597502,-3.373035538,-0.271870073,18.98291683,-4.733302663,1.474234306,-6.07016578,15.28636152,7.861115979,-5.7575008
Bolivia,BOL,-9.758863517,-0.542119137,-9.249436408,4.263294685,-6.742254112,-11.42814593,-10.87760312,-5.086519643,0.448447906,1.952360129,12.55346712,6.449869605,10.33384605,-6.752787531,-7.098748138,-32.91241316,-24.18260452,-8.53867631,6.744518482,-5.040642825,-12.15971688,-3.757236532,-2.712380643,-1.966560421,6.358525415,5.587519,5.513268661,7.431454655,13.84437627,43.83251392,8.484393462,7.88442992
Bosnia and Herzegovina,BIH,no data,no data,no data,no data,no data,no data,no data,no data,3.017676073,-38.10317333,1.567753417,-11.44447495,-11.42052156,-7.774871979,0.112076817,-16.73449499,-11.93719313,65.08111811,13.537803,16.36533347,-3.076220576,6.718752489,0.691077217,7.905229316,-1.891998439,-3.206683422,-14.03134618,-9.801295234,-4.996520958,12.32638295,-4.541592913,-14.07888251
Botswana,BWA,10.64417286,-4.146596426,8.578762322,-2.282702768,-9.216494604,-14.36330425,-15.29988521,12.28926716,-19.22732105,-13.57367379,-9.069533362,12.34197607,-14.70119272,55.414714,-31.68645236,-18.29808214,-3.163025999,26.93869708,147.7112954,13.68191645,-3.709785912,-2.14041105,-7.791409878,-3.62423773,4.132962472,-14.00996345,-10.51676283,2.013313923,8.647547308,21.07483381,-0.282422574,3.538397206
Brazil,BRA,20.60777172,63.18863524,-21.73246663,-48.71912264,-15.46652072,20.47922984,5.603421511,28.1088638,18.66604164,-3.000141862,5.778344791,13.14557232,-5.872459233,-4.960177194,-1.208676588,-3.485982824,-2.346637557,-2.875292541,5.195989742,-3.900651751,-3.224333793,0.855776041,-4.379453552,2.147293169,15.53319673,8.708117827,7.069150452,2.226823566,2.891648688,9.988238118,-5.888693623,-4.803585885
Brunei Darussalam,BRN,no data,no data,no data,no data,no data,no data,no data,no data,no data,no data,no data,-32.7924319,-49.84408062,-58.62445174,-21.77888031,106.9400322,15.19651396,37.67660957,17.77828662,0.267084833,91.25756188,-1.309855797,5.139486093,46.30211985,-8.607896579,1.753823888,-5.970706993,-8.485936397,-0.404496961,10.93033753,-11.99440548,-17.94812661
Bulgaria,BGR,101.7513135,26.70092233,59.81628033,-40.49363494,-39.44949307,35.44677944,-22.37063079,-26.29568309,7.983689338,0.548813048,-8.077823943,-19.26463235,-13.89638544,-17.84514233,-23.31830635,-8.49477192,-11.25975013,-23.57994984,10.05859803,2.172855826,-4.485392409,7.583220903,2.359108301,49.44894446,-5.067427227,13.4593543,-12.03671691,-10.09971464,-7.596010028,21.93884764,4.927027436,0.33578335
Burkina Faso,BFA,12.23231541,2.982788012,13.52541962,64.08384589,-11.22255005,-6.310734616,5.509348077,-1.422521809,-2.600508602,2.232918363,-1.796468324,-7.16341509,-8.383081937,2.729108063,-3.746762796,-48.77126725,11.58472897,10.93760466,-16.67918756,34.26218042,-19.24326809,3.365251129,2.422827421,4.596594161,25.06020905,7.556819657,-0.89978737,15.22719172,10.03002898,6.718741576,7.443115896,12.65181212
Burundi,BDI,0.368593347,10.79768885,19.80900438,6.83528483,-2.093466424,19.01993459,-11.9061412,13.08389174,1.280307043,-3.000705692,-6.625205757,24.88615507,8.096727452,0.447217699,-20.70079982,-4.909667464,-0.492576583,-20.90682345,-74.94015061,82.60551,-8.965669146,-2.986059514,-8.623816331,0.298662802,5.149517539,15.51130612,1.696953437,12.94083125,13.24724928,9.964001505,0.910713983,2.60477025
Cabo Verde,CPV,17.67025527,34.66970435,-6.956092931,28.72989931,1.197965436,15.45024335,4.402030947,-8.13971843,-14.90980953,18.10687887,-3.29504345,3.296774953,-1.441004922,2.932288877,1.903414198,-8.919364706,-16.3983881,-3.027455302,1.790314377,13.1017308,8.204089011,16.04542213,12.51195774,13.10728495,9.251825203,1.355107075,-0.894258841,-9.925421527,-0.532751415,27.32671257,-1.504774311,-10.86848786
Cameroon,CMR,6.07775608,23.57545577,-0.439318853,68.80393325,17.98127853,-11.52185723,no data,no data,0.901854655,10.98607723,-18.05385916,-8.976468368,-8.97422832,0.403296786,-15.24335428,-58.13778124,-24.78708148,-19.20677728,0.920170179,24.28553397,7.561955984,-1.148843818,17.46236567,18.51976913,24.71981758,1.370150643,13.4803658,11.7431489,9.274223571,8.593689433,4.871407979,-0.033489961
Canada,CAN,9.520929637,5.634102431,5.799686505,0.953524274,1.72348446,0.493262355,-4.708957925,-4.476370808,-9.880251381,-12.70375578,-0.394413222,-6.693280696,-5.71295675,-9.650066572,-1.208503614,-6.74726632,-11.50253478,21.20937928,20.47921951,0.919449426,2.00438032,0.714617646,-5.934648957,-4.731143835,6.388957228,-0.667901199,-3.721264881,-3.95576141,-1.418065378,55.81245602,-4.350590945,-14.46045451
Central African Republic,CAF,25.15322062,2.941834404,18.81572565,51.63221411,-18.96222919,10.92453396,-4.865058687,-3.551129074,-1.359065438,12.49651922,8.909910961,-4.457834073,-2.671551191,4.001852692,3.247867805,-54.59511309,2.354723039,-25.25517417,-43.24132568,-2.05377806,-0.991232031,60.17641573,64.24039766,20.17850286,-3.935634242,-9.873010562,-6.703931091,-0.468411359,-5.780786785,-7.900707453,9.616149182,6.491406319
Chad,TCD,21.45406488,13.8676391,26.07244917,17.87784746,-6.591493694,-1.486101004,1.982745571,-16.02018751,28.78182685,17.28325234,-16.96855067,-3.572902967,-17.96002352,-26.91911501,-12.71955231,-8.139830407,-15.65383891,-8.930356067,56.85363605,-4.677973842,1.714120522,-5.892619913,6.487807446,24.83407085,11.21832806,17.6813003,-2.70171854,-0.590165509,8.069633038,3.332051406,3.434571162,-9.91877777
Chile,CHL,-11.93620891,-18.39265761,-9.823924504,-10.78343566,-23.23555095,-24.11209167,-14.73091557,1.849886896,9.387275514,-2.97598809,-7.389208839,4.859507248,-16.43242052,-17.9666677,-31.74737656,-28.65527804,-22.3227488,26.01026719,18.8962519,47.26152547,29.27228728,7.299291027,7.077527096,17.48805247,15.67877315,21.444127,12.09039529,9.075010357,9.688978147,14.32982917,12.21141976,4.606139558
Colombia,COL,-10.82238513,10.9898527,-12.99023459,-13.76707076,-28.7533188,5.23017392,26.81688455,16.57514195,48.41622854,30.22320906,17.39424753,19.51634311,-1.277583575,-4.551162833,-6.465545669,-5.134877971,-12.26800934,-0.09037815,6.198224541,2.208676862,-1.455620316,-6.052842269,8.200365089,11.21311138,13.42347753,0.205007102,2.451900904,8.017276944,-1.652574945,27.7416909,-2.686190034,-6.119860727
Comoros,COM,-3.961208123,-2.785024004,-5.198094079,-8.294176313,-11.47950129,-3.004202032,-5.919736295,-2.136276123,-7.065090403,-5.888605938,-12.77893115,-9.062945573,-7.755002441,-4.609960938,-6.082628907,-3.475822522,-7.441481018,-6.734523614,-4.47799797,-4.005576583,-9.161343029,-9.379152959,-59.01136419,15.26179594,19.41892564,13.22045978,16.09706859,-4.757772423,24.09109236,9.038683383,5.901032122,14.53257323
"Congo, Republic of ",COD,-8.453731254,-8.758423173,14.35374684,55.66872358,-2.082598982,-16.12848686,4.829383259,15.67671148,-10.36614862,-29.71151426,24.17786287,-9.200952622,13.33006356,-33.845258,-18.63066843,-5.039191935,-1.021296113,-25.76800575,20.45676402,-48.12818259,-20.91905644,-12.19065042,12.38295289,24.71065175,75.28093213,22.0367676,4.247725793,-18.43982219,9.151942449,33.43328616,-3.73565689,-7.743458155
Costa Rica,CRI,52.96045273,-17.77861744,4.767632784,10.39784415,7.727357678,15.92220273,-9.281097543,33.15473881,-4.195106845,-0.342898143,2.043042171,4.525182342,-2.104510746,1.07440942,-8.977245987,-11.47878012,-18.34793034,-11.00315015,8.279762277,8.038604525,5.053143889,14.40307736,3.963670767,6.809085232,6.122014351,10.07297796,6.853147715,10.26583743,8.719280343,19.34282545,1.754394311,-6.243148737
Croatia,HRV,no data,no data,no data,no data,no data,9.148592374,-3.602433008,-8.871321368,26.15061558,18.75689822,3.67987733,-0.022122933,4.22740705,7.586718362,2.671794344,-6.0871336,-3.565626317,5.141495312,23.73743316,17.98864901,11.41599823,9.376494008,15.63635521,4.489668454,-0.536549358,-4.152184395,-3.882490723,-4.65785673,-3.09264438,22.15530957,-10.09794179,-12.63563869
Cyprus,CYP,no data,no data,no data,no data,no data,no data,no data,no data,no data,no data,2.446742933,5.570166076,1.590268862,1.691792663,0.747791144,-6.309298392,-7.414976075,-8.90272523,15.21980123,3.780020874,11.26158046,15.76805006,22.55607939,4.227537882,-1.633694352,-4.442238227,-7.873067516,4.085577106,-6.213745304,20.36634125,-9.682241554,-12.36963769
Czech Republic,CZE,no data,no data,no data,-14.31959023,9.242045635,-17.40218144,5.384830202,16.23410679,10.98826896,13.00780818,35.8385708,13.15773096,8.793678848,-0.494284503,-3.00813715,-1.030181234,-0.463994626,3.105727743,19.23363846,11.95965228,7.52887437,11.45916772,0.797918129,-5.795626023,-4.584938442,-5.022068833,-5.027024951,-4.581809658,-4.403154854,25.7636369,11.88293022,5.08239258
C?te d'Ivoire,CIV,9.646757767,-3.044297963,4.656987614,18.29489467,-17.33521909,-1.570504871,-14.43064799,no data,no data,-5.167181487,-3.804750139,-11.50739201,-10.48045964,0.597346831,2.55003732,-1.192025552,-6.852262552,-4.28280083,-9.298081583,-1.858487583,9.683140148,-50.64245278,-0.280037466,8.472754086,9.21754892,6.670442964,4.747831319,8.348644676,6.229594001,23.54159613,9.716886239,11.5982183
Denmark,DNK,1.389495631,7.162559958,17.43663446,-3.636148791,-1.651362678,-2.435964481,-6.429948433,-7.413800176,-5.255543643,-9.906238355,-5.483896053,-0.815798848,-3.740735504,-5.47697923,-16.26129729,-17.04559138,-14.76413488,15.37374663,16.67485846,4.741090156,7.503518085,-2.569213326,-3.588774161,-0.329593264,-12.76870992,-8.218801106,-4.618212241,-6.331057522,-3.539281395,30.92627563,-16.31560484,-20.44343285
Djibouti,DJI,no data,no data,no data,no data,no data,4.30196944,5.331777162,-1.283171423,5.820245103,-0.573519135,-0.117146839,9.684288641,4.06405463,-1.469581857,-7.633823564,-3.260748133,-2.924872517,4.629443676,-50.16738464,-5.580826625,-7.896235404,-2.461548159,-1.901301287,9.49788199,49.5078046,14.06545724,4.499838423,0.396146347,-13.33234062,1.191122716,-3.034677267,-0.873013637
Dominica,DMA,3.790427743,-5.798150197,0.189154858,2.832896735,4.047097934,-7.787570826,-9.859075114,15.8582029,8.562709986,12.22209078,40.16680573,1.918205522,-1.147619478,-12.62707876,-1.02855392,-5.284362669,-6.894764684,-11.17858866,-5.587072098,7.172813312,1.960920421,7.862110873,2.076442037,-2.693167276,-3.264919036,2.493500494,18.90044762,3.836377708,-0.731295183,32.35692623,-0.32993917,-6.058814462
Dominican Republic,DOM,no data,no data,no data,no data,no data,no data,no data,no data,no data,no data,17.94871795,6.52173913,65.30612245,9.87654321,-34.45692884,7.428571429,-11.70212766,35.54216867,19.55555556,0.743494424,4.42804428,11.30742049,16.82539683,-4.076086957,-5.66572238,3.603603604,4.637681159,1.939058172,7.608695652,41.16161616,-10.55456172,-9.6
Ecuador,ECU,-6.124853543,8.223423301,15.07695918,-5.905557545,-16.77899101,-0.047525637,-12.89560675,6.638913691,48.53640197,-11.18644751,-22.46351774,-11.17690878,-7.808965729,-9.964911724,-11.01971362,-18.30118028,-4.794437489,-18.32770023,-27.40473824,19.28140031,-3.124366273,16.36885262,14.0406213,20.12541599,12.47209872,15.09311978,15.96676146,3.994782139,no data,no data,no data,no data
Egypt,EGY,no data,no data,no data,no data,no data,no data,no data,no data,no data,no data,no data,no data,no data,no data,no data,no data,no data,no data,no data,no data,no data,no data,no data,no data,no data,no data,no data,no data,no data,no data,no data,no data
El Salvador,SLV,3.194297017,-8.529965195,-21.01296361,-11.03610585,-12.09432129,-0.502733044,-11.46752827,-8.588437502,8.515875819,7.466889256,14.95742148,14.61025192,5.872774633,3.555409544,-0.36113092,0.073877916,-5.596999596,-0.209267577,21.46547899,-0.822082256,-3.485998725,6.640809123,-4.20399223,0.896140742,0.072711701,-0.180623192,-1.661185712,-1.07134489,0.544634576,30.69290297,-6.834091093,-6.01442178
Equatorial Guinea,GNQ,7.936648354,-19.23394161,11.47418145,41.55204742,-36.62437928,-33.38020731,-49.26663643,28.03995188,2.101423517,-39.43661278,-30.44270991,-23.66976447,-65.4793473,-32.58073896,-37.05464295,-57.17136257,-38.21448446,-35.2555652,788.5715883,82.01810109,-9.167418886,-1.020654227,-11.62683467,100.2522724,152.0451525,29.95482783,-11.92112152,13.72214867,4.810258012,12.02157223,-11.91071342,-36.30296101
Eritrea,ERI,no data,no data,no data,no data,no data,39.93799445,13.060088,72.3116551,no data,no data,8.883587546,2.042206948,8.44138039,-26.69655093,6.128407349,-3.061270015,1.122054142,29.00782079,-20.32260129,-4.123284466,-18.95537716,-3.830596385,20.9472175,-26.96867993,32.32950865,-7.305287163,20.90941698,-8.358636266,0.797529956,-3.972170728,-2.388964042,-6.611840505
Estonia,EST,no data,no data,no data,no data,no data,no data,no data,no data,no data,no data,-12.40183294,19.10696029,-9.751248471,-11.18600852,-19.06428431,-8.743345351,-31.75016563,25.3865227,109.3089986,-8.630447234,-2.141030742,231.4018205,1.415391895,2.349703251,-3.010594371,-0.443226725,-8.540079437,-6.773172004,4.920060111,88.03691095,-3.78919548,6.455950843
Eswatini,SWJ,-1.213021609,-17.82403444,-8.286458939,-11.93900229,-6.438761983,-7.20807588,8.541879592,22.79054024,7.868938613,8.794713526,19.81286821,-21.23457932,2.011736851,-14.03461361,-10.16457974,8.066851479,10.48566973,-9.452400311,-28.15277383,34.41593946,4.182770978,0.543382119,1.630793239,-5.815265293,39.0687978,27.95409093,11.29819589,22.54381688,15.47378674,5.905221116,-0.008601731,11.08792033
Fiji,FJI,0.652259987,16.00458909,4.8547082,7.572697383,1.573550169,0.88954112,10.93152705,-32.3313169,-10.72126499,12.91191304,11.12840754,5.727461352,3.384972305,-0.712492208,-1.222890141,11.85419324,-6.42515739,3.086530036,8.512719198,0.654238494,-6.170907121,-2.032828914,-3.790813468,-2.920098148,-3.288233657,1.400648706,-3.268750121,6.130052821,8.078890803,42.18525481,25.10923128,0.337050545
Finland,FIN,65.00039666,101.7916252,45.20287081,6.273029144,-0.023357946,1.272226512,-5.013092376,-10.56288929,-5.708328377,21.03428239,-9.02613307,-6.546368897,3.988931525,-3.865596629,-8.39140713,-6.795816249,-11.13702618,-4.56078644,25.92556179,14.03669982,5.024346878,7.516169401,3.887897675,4.886418219,4.234801428,-0.608856728,-2.80086389,-3.743528962,-1.067146892,15.35233364,-2.253058464,1.769477954
France,FRA,2.002184915,11.40545247,17.75783197,10.8195608,13.73286811,7.855661501,2.604539886,2.262667372,-0.48848946,-2.225464384,-0.235674566,4.437242863,6.20530525,-0.167297742,1.169921313,-5.297250396,-0.45351376,7.9411485,21.34972644,1.796412413,2.039176067,3.423691955,3.774246381,1.714595407,0.765823941,3.029588307,0.787818985,1.119372624,0.530777341,15.47458935,-1.268062727,-0.054412864
Gabon,GAB,11.46274042,-4.606684927,-1.113742482,53.82584745,-8.913577426,-12.75550556,-3.750217419,29.39230438,-16.41447206,-6.406359692,11.70054092,0.111910318,-13.35762269,-14.15093175,-18.20016424,-19.72277708,-0.910947792,-48.89226828,29.61402661,-18.06933267,0.609450916,0.081395486,45.09923391,9.481582501,31.23763408,43.6109912,-2.045502443,-3.135165861,-1.863973446,30.9529379,-15.98125203,-16.29417286
"Gambia, The",GMB,-13.53124916,20.8575838,-10.62441745,6.039434874,2.239386458,3.810572648,-3.676592893,4.864505863,-2.758462771,4.392860743,2.702568636,24.78458666,-2.323281469,-11.33247544,1.590853787,5.748182348,-56.467823,3.959239814,-1.670031625,10.49833811,14.65002229,0.510261444,17.6842604,22.04830302,-2.415586912,16.69254674,7.450283087,-3.889938638,-0.752282628,3.521184183,-2.777599312,0.479408422
Germany,DEU,-2.055416217,9.109449951,8.944212161,6.449542978,23.07816742,5.102285569,1.266097576,1.361657627,2.093360129,-2.13881374,-4.734884309,1.626203351,5.064648424,2.234375262,3.88848907,-0.296667139,-4.012292499,1.335737494,10.88498609,17.4105483,-4.103866977,1.284381365,-2.183438953,-3.569663297,-5.098977959,-3.910229082,-4.327008992,-4.846849528,-4.70017747,18.64919422,4.008817324,-1.480051914
Ghana,GHA,1.718485995,10.4178113,37.00044213,48.4447419,-7.394105497,-9.846929922,5.686738854,-16.63213776,37.36096212,43.85554565,-22.7651455,-6.394753243,-8.820928495,-22.2148075,-17.30778112,-45.55047537,21.82633539,9.291412128,8.716242203,28.79782619,-9.397427679,13.0725062,21.43830237,16.7265679,7.553102425,3.797398681,1.861791965,8.760820583,-5.86081027,23.98465027,10.04139167,11.51445309
Greece,GRC,1.684396303,7.359446509,13.24151814,5.863922848,1.578097925,2.40186128,-3.247288739,-2.530658591,-0.825162968,2.064854099,-2.823423548,6.127214167,-2.200207272,5.027436997,3.575243215,-3.960880498,-0.933546468,5.28110004,16.04645922,19.79057819,19.2096504,-10.38931552,10.18728948,2.330658218,-0.3751932,2.654273181,-0.651661948,7.586551009,-2.869113823,16.45139792,-5.46678272,-9.983687484
Grenada,GRD,1.545334901,-14.52847225,13.01590107,0.884232509,-5.697303379,1.827213312,-5.565165099,-2.792291464,-14.37086766,20.71271891,7.162942518,77.2999699,0.597111287,19.01887057,-7.794907312,6.42649273,-4.161732532,-5.775196893,8.558026887,5.622760154,6.823713279,-1.246202804,3.87757519,-5.782547469,-9.301302018,-9.468945928,-13.6886516,-9.073725505,-8.538420643,21.96839208,-0.629062489,-9.095517633
Guatemala,GTM,-27.3241941,-12.46396996,-11.27554128,-11.16686275,-11.33405783,-8.533697316,-3.936572475,2.692669481,16.00193867,-6.106774255,2.200297181,-11.10120091,13.63910312,0.731369757,-3.231894371,1.615865878,-0.563845647,-5.60646378,16.8189525,5.090670058,-1.174197141,3.155350263,1.519832288,-1.536892617,0.513927295,0.461035277,0.474521416,5.285630386,0.016611119,19.16004077,-3.634238072,-2.698828121
Guinea,GIN,-1.04448844,-12.4979925,11.14651645,3.436347846,-6.658704924,1.717882316,0.282590485,11.89122469,21.48142547,-0.822852921,-1.153479576,-8.653870589,-1.256444835,6.489817977,12.71969519,-2.750829002,-36.14897341,-3.843215638,4.862284628,12.31026778,-15.6431546,-53.19497914,24.94559834,3.506747791,26.25619028,-3.108856094,-2.616455895,-6.248724909,-1.759478932,23.11453443,-14.41372891,-17.81868292
Guinea-Bissau,GNB,-24.23440123,-4.00609325,31.75247906,-6.128800844,-2.05049102,13.56095102,1.403189936,28.27058364,-4.900857126,49.59726062,-5.847427225,-3.409479256,-7.133608903,10.12897985,0.837841831,-6.503679431,-13.88411552,-9.242615782,-0.374266912,-58.36591655,-24.92451182,3.845129317,4.655347789,21.23484566,-6.401047156,4.712777514,-12.42189693,13.89896315,10.15073861,18.9285682,0.885668068,0.808463931
Guyana,GUY,-13.11295306,19.18754623,-11.43663117,-15.65816817,-10.81000748,-30.22075165,-12.7078357,-5.878288906,-11.35365711,3.685122512,-9.331249308,4.417407784,-9.003977552,-4.023429455,-1.121376002,-17.90007817,-36.92112453,1.287412827,8.600883214,1.60322636,-2.534952942,-13.46308,-7.32118979,-6.747078194,9.249674917,4.826687649,-2.168202613,9.650419189,-7.379893409,17.26288776,-15.37163571,-35.67143022
Haiti,HTI,-5.187851404,47.30124082,-17.53413627,-63.98164485,-25.71357203,0.047118098,-0.017716831,-8.472547136,0.558585388,34.41196488,-11.4025215,11.11960627,18.28653117,-19.43533004,-2.428349228,8.260092495,-6.130620734,8.465465549,-44.21530954,27.10891715,-8.090833907,6.784509792,6.979538084,-14.67441257,4.511055731,-0.862544434,-12.12051006,13.7234396,18.06311273,-13.42044854,16.25539814,-2.29447687
Honduras,HND,-10.13227617,-2.445774193,20.56895226,-4.752775518,-9.892695025,9.503621934,-20.69368082,-6.463675041,5.768737265,-10.19048882,-4.226250414,-9.107171586,6.856507689,-0.035180357,-24.44701718,-35.46413792,-39.42631095,17.0209706,18.8767872,22.26434535,8.270923146,11.85698956,22.00440335,3.073151311,-0.258865894,3.73338161,3.166918351,2.339629386,0.257625307,21.03523034,-5.295780925,-4.335023249
Hong Kong SAR,HKG,no data,no data,no data,no data,no data,no data,no data,no data,no data,no data,no data,-2.498713407,7.824698115,48.20980886,-10.57251956,-7.4101218,-8.92948443,-6.124786821,24.41059261,13.0127479,10.56738857,11.05714128,13.21363064,-6.720516125,-7.405083146,-0.787384776,-7.12172804,-5.550478064,-2.505469842,43.57343099,29.53446263,no data
Hungary,HUN,16.95029211,2.972531664,13.2181311,-1.787776066,-1.804454837,-14.38265675,-12.37709429,-3.891863194,0.062565521,-8.265487932,-6.614289549,5.078444885,4.216770795,1.163762678,2.576225789,5.98706203,0.746825357,8.789825228,8.146334245,1.828767013,0.873005029,-2.500803066,1.043540208,0.636701334,-1.715496028,-0.574162053,-2.698897389,-3.023049225,-5.782142318,20.3004121,-3.993890154,1.780517338
Iceland,ISL,7.19944334,17.79619648,19.23904328,4.92316135,4.008024017,-4.72277864,-7.648584906,9.392320407,53.123242,-0.388845862,9.49191574,-2.700691168,4.996673921,-6.517533861,-15.78029979,4.730285083,-3.158775477,59.99104177,15.55986676,4.205865045,4.359281626,-3.000349374,-8.674767864,-4.437892789,-17.01536254,-14.43702197,-14.96558144,-11.53407887,4.014554365,17.58725207,-3.464849884,-8.971830469
India,IND,-1.298993758,-14.52327529,20.86719533,-3.94461057,-4.623241126,-3.722714501,no data,no data,-4.820594866,6.433407936,2.543164175,4.936837029,-4.360154449,-3.638954044,-5.354661447,-5.924238778,-3.369843409,0.128176066,3.913675018,-9.343373448,2.302918384,2.879633653,-0.234037708,-2.035968592,-0.546538309,-0.527264724,-2.766890802,-0.326975522,5.83879373,17.97627975,-0.700299664,1.336433175
Indonesia,IDN,-3.737702723,-1.314050568,-5.831129758,-3.154513177,-11.81741378,-17.38950068,-0.325987876,167.9438935,32.76537116,5.306552655,-18.68011588,-13.04278827,-9.018122862,-7.487214097,-16.36791919,-17.62231915,-9.81892655,-6.515349257,-12.45937885,-7.678047697,-5.450212074,-0.619143301,8.406592627,-0.814752461,11.25660415,3.228480295,3.712270059,1.280921313,1.365266893,30.32458541,3.461971423,-2.982596898
Iran,IRN,-20.78664737,-13.89632574,1.536552378,62.53184699,-25.20399834,14.91579416,5.232324012,-4.044830936,-25.00384499,-18.31089279,15.59241389,11.41965854,-6.106979276,-4.01027528,-13.75722791,-17.76761018,-11.92143811,-22.96548513,7.309407095,11.14153074,-16.92794792,10.62950856,-13.3064643,7.057502738,194.1264462,29.38982105,-5.96944879,-4.662253278,8.654906666,3.457423031,-12.16044725,-19.80342777
Iraq,IRQ,no data,no data,no data,no data,no data,no data,no data,no data,no data,no data,no data,no data,no data,no data,-33.97247356,-37.02729246,-18.21677378,-36.65489217,17.80778196,-38.73211033,-23.93578283,-14.58167706,-8.035251439,2.737014771,73.25063948,17.62631829,-11.80931623,-19.12838752,-5.522586287,86.81796511,-29.81553593,-26.81842282
Ireland,IRL,-2.762451015,-2.537086165,-0.057763172,no data,no data,-10.20154401,-11.83927802,-16.56679182,-5.569055286,-20.8041391,-8.092326905,-7.206317294,-3.711847592,-5.586267045,-2.705568134,-9.452534605,1.34380665,70.68424824,43.41760384,38.69540262,27.26825533,7.894134713,0.299167126,-12.34052977,-26.28811486,-3.170184336,-8.564940568,0.32391682,-8.941037163,1.176639833,-5.244362307,-18.21563461
Israel,ISR,-10.78543059,-3.34875054,-1.34514058,-7.062920356,-11.09932798,-1.597059807,-1.479975367,2.054021767,-5.893777097,-10.89632818,5.104383564,7.671787694,2.794637585,-1.376406957,-3.190646925,-9.158608201,-8.772364012,-0.457432644,3.778909527,-4.974797081,-2.653544587,-0.445170502,-1.673122701,-1.650000965,-3.199747202,-2.963956207,-3.128191013,0.591228606,-1.5488734,20.53096512,-4.331895938,-10.48130873
Italy,ITA,2.77272399,6.912465616,9.508737533,6.232147078,-2.01501746,-0.068583054,-2.184255063,-2.41678825,-1.439494914,-4.255224959,-0.326106105,-2.319263418,-1.875108745,-0.559758073,0.874140364,-0.751401632,-2.928665561,2.657146621,9.344173597,2.436995736,0.636435288,6.043111772,5.255022582,2.748645178,0.172033609,-0.107083842,-0.25759941,0.399198258,-0.094572382,15.80439745,-3.249085518,-3.455253908
Jamaica,JAM,35.94437201,-42.6646049,5.788222737,-14.85737217,-5.753159542,-17.58085118,5.94248574,1.611162259,14.74930152,7.99047589,18.10813866,10.47166611,-25.66865257,5.872566015,4.096225783,-2.28784487,3.206723437,-5.726105499,3.257834718,13.44961793,11.80094919,1.129057319,-2.623783972,1.814496726,-2.217870841,0.485973043,-11.56997123,-7.688047032,-5.521933347,14.7152759,-8.925234028,-11.13399816
Japan,JPN,-2.562114272,5.784098472,8.03401635,10.56803501,9.571414148,5.900700456,5.463731245,11.15105258,14.1111205,6.873005143,7.231995458,8.924253099,6.817568111,8.264520357,5.748152372,0.677348096,0.011089721,5.781437107,10.32517627,4.85766478,7.336355483,3.997158753,2.225984254,1.960226745,-1.55022369,2.492765361,-0.341044165,0.928547537,2.119337572,10.40314716,-1.167907464,-1.754380075
Jordan,JOR,-8.693763417,-25.361123,-9.329512767,-8.22958409,-8.676160202,-1.133287672,-6.452417065,1.67901217,-1.628018578,-8.936359422,-4.885598554,0.502247724,-6.424974612,-8.179450486,-10.50789838,-9.121689691,-3.09421102,-15.58194187,6.866191184,2.540627476,4.427519939,13.6173648,7.179001192,-0.754780816,4.545877397,-1.264280729,-2.292283778,-1.79088817,3.851693697,12.73485935,4.461077943,-1.591477717
Kazakhstan,KAZ,no data,no data,no data,no data,no data,no data,no data,no data,no data,no data,-18.32548375,-13.02938402,-13.92720239,-24.42552438,-29.37062886,-15.84393676,-10.36507792,18.87937064,50.37152761,7.06030157,-4.691421608,20.45693734,4.482066162,15.79555761,49.82206218,-10.83389519,-0.816932684,0.74276591,-2.124583414,27.56840493,-5.37813736,-9.214694471
Kenya,KEN,14.55691064,-4.359050716,49.76404262,-7.515057018,-8.642176261,-22.17447834,-11.23448086,-0.24795401,7.010815524,12.27102439,-4.280059165,1.778523037,4.241939297,-6.936592157,-8.202422715,-0.924748498,-7.745007677,0.173719195,4.982437515,2.041319508,-2.745336259,5.405190212,5.687517235,3.836830893,11.02368594,9.964341167,6.879201513,4.795937812,4.669207062,14.80941104,-1.278315166,1.446372018
Kiribati,KIR,11.94478315,27.40683709,46.39594376,9.822752555,-0.029984986,-10.732769,-4.732137667,-12.45613657,18.28581012,-10.48619033,29.91041611,-23.51000039,-4.487719757,6.54220767,-12.09192313,7.650790554,-12.47881948,29.90023975,-27.51725745,-8.92907098,-5.256481883,-7.478264019,11.59114729,5.565542629,127.5222059,17.39370286,-2.816794068,-5.31500737,3.832984482,-8.148014815,-17.08634321,-10.9284536
"Korea, Republic of",KOR,-6.722867981,-2.238790484,-6.619972851,-11.30147588,-11.80287051,-7.970519804,24.07097281,42.85076314,14.06865168,2.122952441,3.26754653,0.850275481,17.55157322,13.82719606,15.5413765,8.927005746,-2.343260413,-2.719412666,11.2515403,-1.572176624,2.612377702,1.786034455,4.735655883,4.097220116,4.290935569,1.304620142,0.516806192,0.468720339,5.775621571,16.21601662,7.3910539,6.003431333
Kuwait,KWT,no data,-22.12276412,-24.4646545,-0.504521228,-11.848245,-24.3670259,-11.55781488,5.710532492,-15.56869691,-25.00088566,0.587039191,-14.72004456,-23.21438127,-24.76743563,-31.7706222,-30.05433219,-14.65241241,-23.71253464,23.75677838,-7.399320224,-24.66961944,-22.38787499,-14.16047857,10.90571227,35.70128733,113.6800983,105.9971374,-26.27561305,-22.95793778,0.600132915,-25.92614238,-66.28500221
Kyrgyz Republic,KGZ,no data,no data,no data,no data,23.64350986,9.968638749,12.40342323,31.35795657,40.46630865,3.122053368,-12.24236386,-0.245842896,0.267557188,-14.38028506,-7.560176189,-14.3660018,-21.28140811,-15.1223511,19.34816794,2.058638865,-16.15252689,0.843300192,-6.642758598,13.73382207,25.17046373,-11.94640626,-0.485353289,-6.750090789,-5.865017917,31.09264077,-12.08808354,-9.991633333
Lao P.D.R.,LAO,-10.72121339,-10.73013071,-8.477456985,-8.862695514,-12.03396712,-47.98950301,40.69256145,134.6717234,-54.87539261,-32.32947472,59.82434693,0.615945608,-5.414013559,-10.5325757,-9.238061348,-18.02610364,-6.794589976,-7.520694665,0.191471631,-4.838607628,-12.79635204,7.205612677,7.353303072,8.16423289,-0.900167448,2.680565245,5.000390149,5.9262266,14.09770144,9.897952844,21.56846243,39.14834857
Latvia,LVA,no data,no data,no data,no data,no data,-3.752458248,-24.04320216,-14.01136179,37.23913242,2.488225245,14.69370917,-5.776017712,-1.689611226,-0.789332403,-19.85937854,-17.81315547,-21.91518007,137.3075052,104.0776999,24.46563128,-3.659620602,-4.469684153,-0.837601571,7.228119061,-10.25686764,11.70714902,-6.010308599,-2.690295049,0.74526863,16.71411906,10.46585606,-7.884546611
Lebanon,LBN,-32.66763976,-23.01529902,-2.27888741,41.60496847,11.28875936,27.10389425,-0.901665778,7.936810384,20.34594351,13.72005,10.13426849,0.021262093,5.021898983,-1.028439367,5.531909742,2.439884419,-7.633089,-4.615173162,-10.51967131,-5.307983736,-1.78550964,-2.48161543,3.320706297,2.212855352,1.764076184,3.954828628,2.442530115,3.392972723,11.08461962,-12.5866084,no data,no data
Lesotho,LSO,9.995832578,-30.94399368,-1.671689521,-5.92285267,-6.209437074,14.01477524,-8.328488789,20.92863744,4.474085597,6.642814783,24.61140827,-25.95943509,-32.8994426,-4.268139749,-16.31898961,3.664518394,-10.53266586,-0.240320464,-13.92308077,-6.553813977,-0.817736308,5.740388503,6.310028736,-3.740000331,13.21403557,0.959379342,1.05419348,4.118730301,6.650902764,22.5771028,-6.036468837,2.759163129
Liberia,LBR,no data,no data,no data,no data,no data,no data,no data,no data,no data,no data,-0.87062132,-0.690257916,36.86623883,-17.48257112,-1.518569867,-11.84685328,-16.48821792,-40.80368199,-43.82913519,-80.47785289,-11.17402517,-9.694298242,0.525380063,18.04969505,1.802721625,15.34184912,11.29920961,16.67835049,30.79920102,20.86317704,-9.178564199,3.931347155
Libya,LBY,-2.174367149,-4.25104773,2.457316086,-5.136080944,-2.952259351,-11.94298935,-3.876564659,7.145915233,-23.03382742,4.382199189,-0.707056165,-18.61435926,-22.60299145,-89.37037963,-30.47395854,-14.2197963,146.1512667,-70.83725313,94.20255611,-24.86323788,576.2997326,-79.86495401,75.15876506,1833.207253,135.5381902,1.838302812,-25.96272838,no data,no data,no data,no data,no data
Lithuania,LTU,no data,no data,no data,no data,no data,19.99916613,8.552604186,6.625696142,36.09177637,2.599255021,-1.892346366,-2.578015972,-9.046022206,-7.927567284,-5.140026787,-2.593299196,-8.66113227,-10.57342795,97.15771903,27.21947137,1.033049908,7.997046209,-2.469409237,5.113269702,5.599186019,-5.810916427,1.222010894,-13.86720697,7.044986235,29.98733227,-5.772015211,-12.11693093
Luxembourg,LUX,-29.52913321,18.90901708,26.20253767,-0.871513427,36.93158952,30.69749347,9.113995051,8.827483153,-13.47411835,-14.02752644,-3.757102055,-12.03920755,-35.35125488,-16.23233019,-40.9771874,76.2134393,-2.305750015,471.5683875,2.455525765,49.08422607,-4.333808626,13.47420612,10.73555515,-2.603367144,-4.34243772,-7.286146587,23.56290319,-0.337130568,7.89848355,14.26691301,6.201891755,0.792955658
Madagascar,MDG,21.3490652,-13.36570452,-4.156835962,-8.773399907,-0.131567236,3.004487644,-9.093417794,20.86030217,-4.005939148,-13.35363071,-8.943257379,5.53787447,-0.958384199,-4.619360444,-9.193723398,-56.6655188,-12.46204482,9.92502707,12.40392622,-7.215915042,-7.403982812,1.630692929,19.08247149,4.430024358,16.41757484,-8.58224203,-0.35940979,6.868627431,-4.51689371,24.95808986,2.240157602,8.916170354
Malawi,MWI,-14.23521711,31.86225583,-4.224487885,75.91502631,-9.344140783,-37.70315633,-15.01640436,68.41063697,6.058814162,-1.07521647,no data,no data,-16.51518534,-11.89577706,-4.992389033,-74.75156442,5.796777513,24.14935223,-0.155745721,-17.77382507,3.474622863,43.14986298,23.56449613,-5.183338358,5.788948758,4.583716554,8.564527113,9.07236378,3.173940208,20.94477398,12.44841802,13.84297979
Malaysia,MYS,-9.186363214,-12.19649438,-13.49227138,-14.49344484,-13.75467481,-13.94017647,-9.719182626,14.09495109,2.391179146,-5.443534034,17.25551316,4.153858802,4.71341519,1.375264646,-4.27814969,-3.515929532,-1.232814746,-0.719156689,27.72945888,0.685131996,0.946393613,3.233247052,2.619306084,-0.610126422,3.150734878,-3.143101014,-3.547620997,2.2701511,2.413692147,18.32618549,2.21658366,-4.778186279
Maldives,MDV,10.21113202,4.971649815,13.56339633,-1.943796875,-4.367017016,-10.13817917,-18.79646181,3.015062771,-0.796562183,0.175513346,7.247647551,5.818248196,-15.07134137,-7.795511984,24.57648525,-14.85417083,-2.598923831,8.748920946,24.20328252,9.012189934,-1.676333087,10.14157117,-2.056158565,-1.579404713,-0.261251304,13.384207,3.678994896,11.53305772,9.446521268,95.90028932,-22.23574853,-4.26311624
Mali,MLI,2.808223631,10.05166902,0.700373765,20.00032274,-16.9841352,-0.586563554,4.67092585,0.550782415,-3.896565209,3.23564311,-14.38782797,-44.97522389,3.533262182,-3.885039248,9.878706125,-61.25413352,2.594554727,8.436281732,8.741962828,15.71075408,-5.23540056,5.946662924,3.9070388,1.989236259,13.95365221,17.47250971,-0.094602051,4.279486752,8.531046979,15.22846986,7.999761149,5.004648621
Malta,MLT,9.931064994,5.898041024,15.75398492,1.727706779,7.234566109,17.63274446,24.78222281,7.888397827,2.625509123,-4.988483319,6.099625882,0.935375716,10.31609718,5.075740836,-1.578872268,-7.189256209,-3.167544425,-0.277555126,9.317520271,-1.473293959,5.855263604,-2.520769979,-0.703667509,-6.490946969,-8.959713484,-2.672684515,-13.35435599,-8.758738675,-8.529249437,36.7379803,5.09983307,-3.03075815
Mauritania,MRT,-10.69761548,-11.72055012,23.17928026,-0.625556247,-2.380621515,0.050515952,-1.470659921,0.847815398,no data,no data,14.29458228,-6.322669474,-61.42158577,-4.01478999,222.7758262,-46.51814091,61.82630831,-6.932346284,-15.33399342,-9.311390162,-11.62433013,1.232502779,1.794286967,21.10904359,21.19882801,-3.731383786,-3.17053076,5.736159388,-3.856951523,0.270122509,-8.77970511,-6.242634359
Mexico,MEX,-18.11009533,-26.34469664,-10.60985261,38.19016205,15.27875393,-22.46685872,-17.94831383,7.721843014,-7.905986174,-6.910177331,-3.091755727,9.183272703,5.033456888,-5.073082986,-2.727684074,2.343524953,2.231630711,17.27606929,14.32627435,-2.025091214,2.831064042,1.789723802,9.268798496,6.036910612,7.216945345,5.801277863,-4.850844952,0.408378817,2.20229302,14.61417344,0.126124324,-1.453198386
Moldova,MDA,no data,no data,no data,no data,no data,-12.27730826,19.89772753,72.28832207,-6.108714041,-8.06142868,-15.04860128,-2.073195419,-11.21930209,-24.25165662,-16.96610062,-8.95041333,-23.39665799,-20.48939728,31.20491649,-9.60799399,-11.00628033,3.178367129,-2.02236565,4.584873131,11.71153487,37.36364425,-7.058537579,-6.270633801,-7.486928719,33.41534172,-5.328024339,7.895209255
Mongolia,MNG,no data,no data,96.90075506,-0.246756711,-30.19793755,23.42253021,22.89315061,26.91202194,33.91953808,-23.58581341,-12.6827201,4.022704719,25.00021075,-16.65623344,-25.47957944,-25.08972515,-12.77970831,5.58494274,16.0214367,-40.93685671,10.82946849,56.0315716,12.31109576,-14.33353765,12.38344606,53.5877026,-4.401920156,-13.56384064,-4.552433718,21.83880659,-18.06217554,2.341511729
Montenegro,MNE,no data,no data,no data,no data,no data,no data,no data,no data,no data,no data,no data,no data,-49.94226954,-4.873797672,-4.122985568,-16.21530848,-15.16416049,5.165997593,32.09810258,6.766430553,11.75140592,17.56257941,7.61415811,-2.262046661,10.87399958,-2.450457553,0.585882943,10.615619,10.79148845,38.12369918,-20.22747938,-15.77976745
Morocco,MAR,-13.89138935,-1.307020013,5.074897506,-5.518396239,-3.29462225,-9.534247171,4.011801602,-5.056095513,-1.792891763,2.362106063,-6.821861102,-1.759088062,-4.114447216,-4.387472776,0.617372106,-7.532254409,-7.061735478,-10.78352604,1.503719684,6.22562696,7.243052306,7.67629734,9.169596337,2.606759184,-0.2896528,2.879146272,0.303529114,0.342710259,-0.320748572,19.87329763,-4.578483259,-0.220821232
Mozambique,MOZ,no data,no data,no data,no data,no data,no data,no data,no data,no data,0.899987679,3.933145148,-36.40233572,-0.666001001,-19.95077894,18.13691691,-33.50300186,-22.23740577,4.491776668,20.10512544,-2.134783747,-12.36328758,7.822341931,33.92238524,28.33564203,35.87974795,44.33739532,-17.4646727,2.494212485,-7.215313258,21.11738193,-10.63538818,-2.505992725
Myanmar,MMR,-5.925587982,-8.501439081,-5.575719324,10.43888814,no data,no data,no data,no data,-27.76316249,9.134297656,59.28547562,-27.23441505,-23.40102505,-13.3117645,-6.024186251,-13.33428943,-24.96145993,-22.68805692,-5.672108048,-3.598438551,-8.760967044,-23.7392672,-1.255379584,-2.311411318,3.270165824,5.38940824,0.353945953,5.056821262,-4.11392118,1.349380966,66.84748908,-2.494212922
Namibia,NAM,-8.467136744,19.157335,21.66038731,-4.388598971,9.622173798,4.080044134,-5.383229631,10.48372408,11.35558878,-4.303892846,16.94422656,-9.042925065,22.34771372,7.490920497,-7.819804456,-2.832458353,-25.90886925,-1.379603871,-16.99880309,3.012004553,68.11212122,-10.27982214,6.032067537,5.584136944,52.65704667,8.892660502,-4.3716059,14.99452991,17.78607817,12.20159419,8.061892529,-0.973678855
Nepal,NPL,-0.20777145,9.376441749,1.570819497,3.745384149,-1.456818791,-3.530480955,-6.161562159,8.869326928,8.597685518,-8.961126781,-0.042005476,2.066140441,2.237207844,-3.116465212,-12.06243404,-5.016170038,-11.62531094,-2.976929677,7.359513617,-10.31745587,-8.381565707,6.432018948,-7.57938785,-13.62992568,-6.608010011,-3.004621237,0.127271577,24.40560791,9.464199859,27.26228747,1.706204833,-0.490376678
New Zealand,NZL,4.61330248,1.121186009,-6.925267926,-10.37096058,-11.17368952,-14.27657234,-7.01656108,-0.487451689,-7.187184641,-6.169266882,-6.211317135,-6.263998731,-6.360522432,-8.951119927,-7.660334527,-11.45333639,-11.37784228,16.53281365,28.05931447,21.95053056,17.00807425,2.888986649,-3.22671765,-1.154054724,0.111410197,-2.454850168,-6.700172338,-9.765889655,13.31970448,36.1084593,15.60140879,5.378722249
Nicaragua,NIC,no data,no data,no data,no data,no data,no data,no data,0.075669947,15.44636462,-4.615083551,-8.13260028,26.19011843,-0.765761402,-23.27244423,-20.75006963,-23.1984523,-39.564825,-15.90363688,12.53458786,3.722019448,-5.116781093,-3.271069775,3.529261773,-0.505730576,0.770894943,6.935586441,9.257494654,10.62117546,10.81985344,15.18832542,-0.304781094,-3.357128952
Niger,NER,-0.451305874,-0.709757697,10.36671071,60.36261532,-10.83800173,-1.334041041,8.807562321,-11.3118376,3.366616531,29.60956546,-9.892493892,-6.686590827,-12.21337827,-9.164504149,-10.15366598,-63.03532601,-2.475091325,-20.52793746,12.4625693,-5.383749111,-2.197783722,22.94028522,7.858735902,12.94570844,35.24524558,9.898605258,11.21131363,8.273359191,2.536172195,10.95668601,14.15779401,-0.510552658
Nigeria,NGE,10.56681113,-3.047440129,-0.733409463,-17.01264712,-32.47898637,-34.09146465,-6.024773196,-2.690519787,135.2945563,6.059221522,-7.598622116,-25.1733039,-2.600173334,-17.66712171,-38.97777602,-50.34826556,-13.69389296,-10.35224869,18.43188254,9.65914818,8.289026812,1.822317104,0.614865785,0.910932267,8.737366199,23.20144732,12.79732136,56.19873192,5.968493021,17.2594079,5.003247337,7.202926605
North Macedonia ,NGA,no data,no data,no data,no data,-59.96743973,10.17993016,24.96970059,no data,no data,no data,no data,no data,-9.735030834,-5.055640682,6.180245101,-17.2432767,-23.19449989,-12.73658863,15.90318975,2.316665168,15.61202749,21.58182416,1.640832947,12.08112131,-0.120242021,4.889010569,-1.080854354,2.582550892,0.130829572,25.57694648,2.303770056,-2.417457522
Norway,NOR,2.446466166,18.49940471,29.80521081,-6.646381033,-6.667485529,-10.53551137,-10.40100493,-9.906941236,-6.269851796,-7.284396611,-6.109869529,4.601340391,12.45967854,-14.27221908,-6.726762815,-27.6395651,-7.137817405,18.71611713,92.75598401,-2.541026401,-20.88300485,4.306476712,-5.534878008,-21.44890922,0.460855313,7.278347682,-5.061820124,-6.762883722,-3.079704705,29.82322176,-15.93185758,-15.02003745
Oman,OMN,2211.031397,2.0700134,-3.67168823,6.312904263,-7.413243558,-3.021937562,-2.122188059,48.90124265,-6.467399372,-24.8432923,3.282817461,-29.26416015,-17.92884995,11.44221406,-42.25674836,-9.832210406,-41.2885487,-27.94554586,81.43166178,-5.906934917,-18.66612806,3.237387806,1.619867946,-13.34325644,243.0966044,111.7266763,36.70189548,11.43303836,17.39238854,32.81696705,-12.07843544,-34.46789483
Pakistan,PAK,15.52436888,-4.379324564,8.629181758,0.899495639,-10.59318328,0.390829516,0.467282457,1.774364389,12.95192509,1.777073708,5.493722838,-6.339212798,-7.247897439,-10.17929386,-7.034845503,-7.534470297,-2.712834871,10.18944418,1.811643682,3.205216521,-3.108119405,7.400349147,2.0736639,-1.4711363,-0.054401857,6.643383712,0.07758736,6.51303366,19.56969967,2.650584379,-7.538156864,2.978844917
Papua New Guinea,PNG,-4.782684546,-3.565631924,-1.329078709,33.5908357,-8.736761619,3.36616569,16.19666567,4.126177343,-8.689078597,1.380144385,12.59291817,1.61115141,-16.54341236,-8.024480294,-15.10201034,-17.68448458,-14.718178,-2.713953865,0.746233242,-20.40097593,-5.828513131,17.48072848,30.14888928,8.055704491,11.28906099,12.72727441,-3.721861764,12.90408221,9.517988371,21.19395093,7.096666751,-5.643281625
Paraguay,PRY,-34.5127952,-1.383691537,-3.104354856,-2.805158548,-10.81580025,-6.38354992,-4.600139906,23.67534787,17.43202561,9.302225631,-0.03640472,41.16295525,-24.57761169,-29.88236367,-18.26709411,-22.96201292,-17.03555416,-13.80690784,-3.904027993,-10.72443767,-15.07941378,23.57463593,13.35558141,19.83093103,19.31238169,4.503615724,2.6091063,12.32328149,16.6449968,48.58870847,-0.299913195,10.71180156
Peru,PER,no data,no data,no data,no data,no data,no data,no data,no data,no data,no data,no data,no data,0.418402781,-8.595713621,-6.543697266,-19.63567112,-13.82855026,-10.0868742,-1.950360576,-9.066322604,-11.13002364,-8.234350079,-4.478826534,5.652023447,18.16998439,4.799542831,0.760273062,3.179997646,5.210594723,32.96007658,5.843963064,-6.220839259
Poland,POL,322.7253047,45.13078387,6.525053368,183.7861321,-19.72829187,-11.30611499,-1.307593691,-7.787282373,1.145263745,-8.442518591,-9.175002272,25.2789897,9.054321229,-1.757213658,5.524099367,0.080425019,-9.387099002,4.972709167,3.81934934,6.308512105,1.435879778,-0.825304575,4.43823823,-10.78573275,1.176355445,7.990821234,-6.555124807,-4.16755999,-5.221422105,10.38211778,-7.618070016,-6.917346703
Portugal,PRT,2.03353725,-3.92407268,11.60167384,3.556228954,4.786717672,1.959948315,-6.584650404,-3.837836356,0.624117874,-3.352995322,4.72794079,4.27954692,6.168545629,4.852869854,6.995564286,2.069002132,-1.256440473,4.378946314,15.88102226,14.68922822,14.95124692,14.40078536,2.271404887,1.905483743,-1.105768044,0.686172734,-3.143874054,-3.197147948,-4.115341747,16.10632691,-6.451130296,-8.510091022
Qatar,QAT,72.92243766,-8.547229063,132.4459216,18.36251684,-8.347979395,15.20406366,-5.973561984,40.79085818,6.897026815,-36.95548072,14.77783961,-19.51694925,-18.62483452,-22.49958259,-36.37731818,-27.07663479,-32.85149359,21.26446364,216.82182,-15.4395837,10.02022308,-4.049327585,-3.84572289,-19.3349892,42.69003771,31.39485879,10.40969483,1.180081541,18.99305274,16.94864963,-19.560366,-22.42766817
Romania,ROM,no data,no data,no data,no data,no data,0.317677449,-2.67929709,1.508523073,23.07171857,0.620387475,18.55571572,-2.140630421,-12.46009269,-15.16091681,-18.9683568,-16.80647824,-3.021317731,-3.983546336,69.56230984,31.99559873,12.2983302,8.640159471,7.455329197,4.550310051,-2.362133844,1.898801035,-5.631290462,-1.766184441,1.133829358,31.92161867,4.082466592,-2.975151955
Russian Federation,RUS,no data,no data,-20.34482759,-31.27705628,-15.43307087,-3.351955307,5.394990366,33.63802559,21.34062927,-33.70913191,-17.5170068,-28.86597938,-19.42028986,-21.94244604,-38.76210765,-36.45778086,-20.11906396,-9.757550831,27.74680538,7.776219061,6.061177803,7.707597083,15.50647086,24.67312091,2.629973205,-2.146771838,-2.533104897,-4.274385592,1.905585641,40.50199769,no data,no data
Rwanda,RWA,-2.704504097,0.145331163,6.424278849,7.418543882,67.73308307,-9.166931399,-13.4456272,-2.945819581,11.79404821,9.728249575,-2.290201732,9.645468841,-13.59160042,1.681574487,-27.14192873,-61.84020171,-1.760797411,-17.25632829,1.14238805,1.724125783,-0.507032604,1.970503918,36.58738882,8.599694423,14.35296894,12.88749008,13.00190684,8.735610673,10.89786365,31.61399291,1.529040297,-3.229131575
Saint Kitts and Nevis,KNA,20.52433733,-17.00391241,-22.77045502,-21.86049407,42.44400222,29.67918735,-32.64359465,35.02778248,13.11981108,50.08040686,-4.872279626,-12.29302447,-32.69175029,no data,no data,10.95063049,-5.698505191,-8.886079392,2.887497509,4.767331841,-5.843230416,-4.975838992,-31.36953049,-19.9584148,-17.19659471,-9.597391668,-5.38090387,-20.11726873,-5.559420622,17.71083206,-1.208365829,-12.85524842
Saint Lucia,LCA,16.32500979,12.45565722,3.242990597,3.575488335,-3.609147604,5.059976375,13.12645883,8.21998515,-1.93809053,12.37198734,17.38364396,28.13740174,-6.59922431,8.711883296,4.714167805,-6.434681051,1.041277681,-4.864715749,9.241579198,3.948756716,4.163565045,10.05578396,2.135618747,0.493015291,-2.070849104,0.470066538,-1.500677254,0.342086437,2.47336759,60.41677667,-3.683991868,-11.2022346
Saint Vincent and the Grenadines,VCT,0.100830478,2.669760353,2.255595167,12.97828725,0.821383363,-3.665806416,-3.974329458,5.745595944,no data,no data,-0.930555289,6.876891475,1.174073562,6.645820694,-16.82804242,-15.83148629,1.595184866,-1.41607136,17.35397415,16.91378899,6.460795186,7.103259393,2.971980178,8.810726429,0.262096269,0.062458759,-10.75157473,1.400355686,4.072117086,19.09408979,14.54826012,3.338057981
Samoa,WSM,26.44243935,-5.425161369,15.89558583,37.58266626,-23.07053478,-11.41495327,-7.850197381,-2.56357546,0.842942071,-6.181991646,-3.560146987,-6.50060216,-14.96227966,-6.83168293,-14.28379399,-1.918302366,-6.059373174,-10.44500416,18.01360416,21.12473678,3.091158016,22.64215501,6.188276482,1.468872766,2.717875735,-13.07828757,-4.715910952,5.829537334,-10.35059579,-2.327657145,7.026713768,-5.556359129
San Marino,SMR,no data,no data,no data,no data,no data,no data,no data,no data,no data,no data,no data,no data,no data,no data,-14.40253693,-2.234772762,-10.78542579,22.65595735,29.55303305,-0.510289792,-16.74402787,3.734014967,34.3272814,-9.282659768,-8.109455877,11.15524064,164.3651029,0.827790882,0.36444029,24.79656046,20.44162318,-5.941573677
Saudi Arabia,SAU,144.5135332,21.46679824,22.59239931,15.82130982,9.397529874,1.290969992,1.992146946,32.35656475,1.446294047,-15.81661868,7.434794942,3.439392294,-15.34711109,-22.84848963,-40.65866433,-30.8270753,-33.74035936,-29.56064577,16.03389717,-39.76719346,-36.62285953,-43.59168638,-29.38039038,-27.56000184,267.8175439,123.6838218,30.34532395,6.700114773,22.21887486,44.03172118,-7.226304166,-21.6141814
Senegal,SEN,1.309561177,-3.483819383,6.940642878,44.72822098,-15.61602135,-4.588807017,8.955681043,-72.29020741,-20.26922851,283.7015772,-7.485472197,-2.285228674,-17.52073639,-11.39089714,-4.917565028,-51.60059767,8.441338414,0.583835252,56.95823267,15.57566754,-4.980103995,4.901854667,6.8765416,14.93534842,5.058376107,6.773641884,28.65068709,0.627184717,3.335951901,8.793157394,5.771334607,2.478123712
Serbia,SRB,no data,no data,no data,no data,no data,no data,no data,no data,no data,no data,no data,no data,no data,no data,no data,-28.84073179,-17.73120076,-4.008164996,15.66852306,27.51243699,8.578926294,23.43424352,5.954234896,18.10790606,5.714406298,-3.254795432,-14.6135921,-7.20967181,-3.152610569,9.699318838,-0.804388411,-10.08712457
Seychelles,SYC,13.01675629,94.73250098,2.84663765,50.22272067,8.156749573,9.840033082,-2.48770055,12.74560733,-0.901479012,11.29653508,12.34255828,-1.96556896,-9.642072882,-7.768951518,-11.73928718,-6.242866598,6.608874901,33.40703031,-44.75585179,-22.52223005,0.346441555,-2.956213533,-14.82502448,3.218939885,-7.205928609,1.260339791,-8.777825818,-7.339591881,-3.050010638,56.52591648,-14.13431092,-12.93825201
Sierra Leone,SLE,-22.34854355,32.50425809,-0.135388678,33.10939663,-23.99123773,-8.620560824,7.607426835,18.16190906,-1.859097701,-1.994075077,-7.292073042,-4.930503336,-2.05154213,-3.04768501,-6.825154033,-7.583047879,-59.15325451,26.73535478,-10.08328439,-2.500053822,-10.27912058,-13.47039269,-15.89877014,14.71357419,35.78259995,27.45175649,13.88186666,-0.094447895,4.86409812,5.356346307,3.871763984,24.67311323
Singapore,SGP,3.041073383,5.353596062,-9.965344704,-6.119042137,3.831304123,0.486832338,-1.405730541,16.89141122,5.329648761,-4.573549585,12.03953043,3.498801412,4.665917707,-4.089884767,-2.695497981,-5.893157114,0.08599737,7.82653438,10.31908467,-4.812939481,3.178112219,2.882626329,-7.886756151,0.230402023,3.72779374,5.603199903,0.326141415,1.283681455,15.54689203,18.7573126,1.265180068,-11.50794146
Slovak Republic,SVK,no data,no data,no data,no data,no data,no data,no data,no data,no data,no data,no data,no data,no data,no data,no data,no data,-2.005324257,-2.62950304,25.75442863,8.026072792,5.2944079,19.31789997,-0.149368634,-1.332759601,-1.67570955,2.04243991,-2.06144465,-2.694915035,-3.050481792,22.53727639,4.537567331,-1.700806661
Slovenia,SVN,no data,no data,no data,-2.361158677,4.406528306,20.74483553,1.787930769,3.251141016,3.212584262,3.653953703,8.109618318,3.74633988,-3.451254602,-0.519563744,-0.700428536,-2.63927319,-9.73645456,-10.19481739,61.44284137,6.906807015,25.14310645,13.54770498,29.92340326,14.5667987,1.570538833,-4.461185821,-0.388508478,-4.805742556,-7.485178624,24.02926042,-5.85249674,-6.634071044
Solomon Islands,SLB,4.712240547,-17.80584389,-5.43934649,-18.01619607,-11.26247705,-10.19052297,-5.864147838,17.06773916,-1.464020522,11.92678308,29.63350175,17.99447247,1.517447308,-5.080933709,-23.25553877,-5.303296624,-21.9493462,-12.39539725,-34.783267,21.64294769,-20.06140449,-17.02436017,-11.48723685,-22.33958253,-14.35679081,-21.14474605,19.81968658,-6.935971448,-0.11568899,71.7426524,13.61416646,9.746091246
South Africa,ZAF,9.714402618,7.756837993,11.03164395,18.58054269,0.286228641,-1.063668926,-0.921082138,-0.180145663,-4.677380653,-6.865926266,0.306157212,-16.41334747,-0.901100104,-2.477116786,-3.56726472,-5.422283637,-13.21482353,-1.155822547,12.26799251,15.52428652,11.40495696,7.673237936,7.880757522,7.17981995,4.490009663,4.289331217,3.085155238,6.356574252,8.785236515,22.73860594,-0.030638962,2.953561656
"South Sudan, Republic of",SSD,no data,no data,no data,no data,no data,no data,no data,no data,no data,no data,no data,no data,no data,no data,no data,no data,no data,no data,no data,no data,no data,no data,97.47948392,116.855432,50.0914993,119.3743315,-6.359180481,-41.17299913,-38.08041328,16.59229511,17.18750897,-32.26782176
Spain,ESP,4.373499282,0.347125365,9.113498277,24.73164901,4.949652262,6.859182389,-2.057374398,-3.02719903,-2.558147882,-4.510726937,-7.382452868,-4.674626936,-6.881931459,-3.321457436,-7.363864718,-9.128702954,-8.812638999,12.13257779,37.18247649,12.66772722,14.12447891,32.15554673,13.50237249,4.246316062,-0.575791137,-0.7011909,-0.247884562,-0.401488083,-2.183869297,22.67633531,-1.729752368,-3.592677913
Sri Lanka,LKA,1.970489739,-3.169516879,1.57737718,-1.609846034,-0.115543136,-2.029880622,-7.977122758,5.839570423,4.650160128,1.939623528,6.517166259,14.14980496,-10.22958977,0.056494031,-11.45632721,-3.002845066,-3.285500736,-4.267739289,5.76845975,-5.524863947,1.014500096,-2.771393691,2.893187267,0.149149656,9.737229194,-1.746960684,-3.653306813,15.67204642,-1.185519045,15.86198614,6.841483937,15.08115439
Sudan,SDN,no data,no data,-42.26682636,35.1805232,-38.1533545,-7.591241218,-24.08841663,7.153270365,-10.67374957,-10.74196198,-12.32889632,-3.079703546,-3.587423079,-16.65833139,-22.82797044,-15.59552778,-15.71956595,3.845016293,27.33057495,5.032697063,4.754412809,50.64211089,-10.12895391,-20.16668813,10.38816034,17.95526231,36.03189863,24.87784064,7.286612585,37.27859148,-31.68018839,-32.11835948
Suriname,SUR,3.879578808,-14.95427872,-20.71019785,-40.26222449,-46.68951719,-27.60655125,42.57254495,28.98055498,49.24547896,10.64186257,4.067852616,-4.28904789,-12.09967802,-5.777900819,-8.058727108,-16.86325959,-27.14632592,-10.01899114,-0.848505335,18.21919948,8.203590459,7.247471329,38.84573116,-9.655145679,63.07205556,81.93336665,-4.4594905,-7.429172716,22.15836485,77.9393311,-18.63822169,5.282428225
Sweden,SWE,4.68552132,26.85157732,27.92708148,6.575098653,3.581676997,4.907278543,1.823081494,-1.011665256,-6.295949583,-10.90816489,-11.25489749,-4.579035319,-2.80991897,-2.588699299,0.180269635,-9.420578372,-11.53303035,-4.549997486,8.573212889,-7.801565448,-2.921052135,1.843576132,6.489186061,6.141422976,-2.814415803,-3.593819196,-3.55928216,-3.179840547,-8.765106769,15.3146817,-7.371423673,-5.046951238
Switzerland,CHE,7.371117572,19.19946611,17.74578334,7.117087283,9.332198208,6.4435076,7.905386746,9.276822201,-7.57884607,-1.431452042,-2.120916514,14.96416087,0.016326076,-0.525880195,-0.867718311,-11.53841016,-10.33234921,-4.091272852,-6.060172787,-5.122027403,-1.685607436,-0.106417175,-2.230172273,-3.82403036,-4.516363371,-6.765005378,3.422048995,-9.594342261,-4.28210295,13.2239789,-1.047929646,4.74882878
Syria,SYR,-3.86387893,-4.825661502,-0.968752508,-5.210118372,-6.343607116,-7.313477139,4.343074157,2.439960311,-2.332700945,2.976839608,-4.999843365,-8.34858541,0.712283692,-15.23812405,-55.14238029,-11.30543647,-5.125666713,-12.54391422,-16.36441944,-3.805204548,no data,no data,no data,no data,no data,no data,no data,no data,no data,no data,no data,no data
S?o Tom? and Pr?ncipe,STP,25.52163635,27.16998391,-18.62497921,5.917175264,50.47731398,195.8664203,-26.76269018,-7.223214174,14.35646173,-7.804718333,-15.45478322,-11.64408866,-10.15279411,6.691088013,-14.86296829,-8.82874559,-61.50064648,-43.59868031,23.68501935,9.834466453,-1.90990453,3.867538272,-12.1996512,-2.380031021,23.52539832,11.07277781,-9.92536607,9.383919092,-23.77897366,13.79047668,-13.30350366,-17.70963301
Taiwan Province of China,TWA,18.29152044,89.99808263,27.46011357,4.784704022,10.4637058,2.302710721,4.105891309,-7.917816139,-8.414017621,77.18681809,14.93038283,-1.705979698,6.720446644,1.360211649,1.712954839,-2.292971157,-3.439892348,3.537756973,10.87033641,1.020148564,3.239077586,2.194265435,-0.998223239,-3.711849208,-4.298062773,-2.062259359,-2.129646956,-1.753510029,-3.656782416,-1.324241257,-5.528874535,-0.701750793
Thailand,THA,-27.13145599,-19.10154632,-21.96797437,-30.45381912,-19.02482382,-20.31622588,26.35153456,129.8784976,87.49809105,9.791208863,11.89982575,22.34497354,-10.0575393,-9.796704767,-0.017210529,-4.637071522,-2.824953686,-2.708109468,21.84461187,3.669834427,-1.669980629,4.182793762,4.127129247,0.87243939,7.357355405,-4.776446804,6.222707999,4.454933698,0.266156301,32.51147689,17.21167367,1.444347554
Timor-Leste,TLS,no data,no data,no data,no data,no data,no data,no data,no data,no data,no data,no data,no data,no data,no data,no data,no data,no data,no data,no data,no data,no data,no data,24308.23972,234.5417549,92.98339847,58.94638428,42.41486828,39.11115431,23.83196615,20.60399986,9.702637078,7.174706077
Togo,TGO,4.774002703,-3.919512223,29.45842077,35.44524584,-17.90515797,-6.824640488,-9.964687311,15.51741801,-4.64250386,10.99775189,3.007348874,-19.93675608,-8.85827176,-2.549116543,29.52296547,7.389897714,8.941478985,-6.865389423,-13.1293747,-42.52060432,2.241156165,1.391198027,19.22449278,9.532500393,14.73500266,12.82693908,-5.88031185,0.697834391,-8.160531318,15.14344623,5.748150177,6.733063879
Tonga,TON,-15.03204272,-5.921029292,no data,no data,no data,-10.64977517,3.944527691,9.983097299,6.585933242,13.43450842,22.57745978,13.60691094,-7.321662143,-7.065712793,-17.03337,-8.763266067,-4.384710943,-10.07681885,16.82572982,12.59940047,15.9196777,4.967746115,-9.905135962,-3.18226289,7.790018145,-3.441993527,-9.592329947,2.742606263,-9.975103084,5.562716872,9.0031868,-0.011645281
Trinidad and Tobago,TTO,3.707252664,-0.657203538,19.59993814,-10.55361696,-4.648091807,-6.297936116,-1.842848251,-7.238076258,-1.459467837,-7.68826531,-5.907807596,1.10882524,-18.54399456,-19.90871376,-18.024065,-14.69479367,-3.899307445,-16.9933285,53.55374197,-2.642964016,41.31589119,-16.38211832,-9.045875088,8.407449929,15.35998295,31.6682527,11.94409888,2.076130449,11.76464098,36.14937324,-6.653733498,-9.937655794
Tunisia,TUN,11.90897838,-9.483029041,6.960116506,-0.118086421,-2.471235944,-3.797790841,12.08196844,-4.828948914,2.559244086,-1.020366309,2.821941323,-1.156855928,-2.478277571,-0.769944727,-3.103906886,-8.526943535,-6.585910804,5.500877816,-1.293521038,-2.497669263,8.325315996,10.24132995,-9.724067558,8.5395341,3.279168909,12.41858032,13.90410392,8.658266123,-7.696869626,15.34588527,2.986255878,-0.723365192
Turkmenistan,TKM,no data,no data,no data,no data,no data,no data,no data,27.16075879,-18.31378277,-17.30741845,-38.17417483,-29.07727973,-30.02390572,-32.52642406,-40.28513371,-38.00851245,-27.55875385,16.29474356,-13.28229822,52.13437436,60.73312863,37.37176322,14.4668972,-21.55017385,19.11655086,28.35383144,3.873999129,-4.465818788,-19.07393493,-14.20647236,-23.14695943,-48.57348794
Tuvalu,TUV,no data,no data,no data,no data,no data,no data,no data,no data,no data,no data,no data,no data,no data,no data,no data,0.231140362,-13.59203928,-39.01568132,4.087742954,2.400851083,-9.311837187,0.926973013,-7.707007426,-7.882562402,-12.31204329,-20.04807083,4.882440959,-1.591193442,-2.708206979,-22.74636418,-1.66126437,-13.43946738
"T?rkiye, Republic of",TUR,9.861331982,6.958905325,2.401909552,31.95508342,-19.3689525,3.281424101,-1.643964,-5.817465819,28.16359499,-4.288329576,93.79726045,-6.831237158,-10.65282049,-9.339805368,-10.27546379,-11.01909667,-13.37890328,0.981531,15.65808167,-7.555226502,-9.013288129,-8.796597969,-4.595435826,-7.279504416,-3.212886923,0.289029841,-3.329926641,1.501885839,8.573976002,16.5017804,5.559983618,-29.08202454
Uganda,UGA,no data,-37.47405557,-30.8218475,-30.76830594,10.99987568,1.627108088,-7.314351493,2.032516957,5.820006115,1.733333832,5.783669272,6.540411212,0.78301033,-11.19588146,-13.07689126,-34.78337533,-38.84442194,-7.78609916,-5.50041453,24.08016642,-2.154751806,8.530011948,13.2796985,12.17434906,14.90649191,8.912259714,8.511083571,3.895970679,7.725281037,23.058409,9.312160266,0.386885322
Ukraine,UKR,no data,no data,no data,no data,no data,-19.1888633,18.57425264,61.07443225,26.69142248,-25.72865069,-16.21279666,-8.477677508,-12.50563193,-15.59597829,-28.45969123,-16.57385605,-17.11912941,61.79379559,75.03649323,15.27725595,-9.118910115,1.014447583,8.486242249,74.50853409,13.59496731,2.324881043,-11.25032396,-15.17460761,-17.5030119,20.30113178,-19.02734066,69.83013714
United Kingdom,GBR,1.077063296,16.76340865,14.32604601,7.36901709,7.567855599,0.442224681,-0.557376595,-4.922772241,-3.349916614,-4.046349331,-7.180166995,1.041004001,3.251947466,7.991750629,2.84248923,2.393141223,2.597336307,18.37242544,28.07537336,16.88576833,7.602898809,3.926809947,0.970854183,2.108788137,0.638847492,-0.300349595,-1.031602342,-0.546778641,-0.647602203,23.77138645,0.459616422,-4.13760477
United States,USA,6.937821509,4.18994492,2.852930658,-1.204606788,-0.607635428,-1.120033833,-4.714496797,-5.703115209,-6.42324735,-11.66979572,-1.741694296,3.59307026,6.059695256,1.789031167,0.300479229,-1.721759549,0.76059763,18.2381203,21.65343423,13.35479474,6.627388974,5.428642773,2.834009625,0.921429164,1.150352483,2.814743854,-0.410062954,2.216570977,2.320530273,27.23342835,-3.982033166,-3.129491621
Uruguay,URY,-22.11226867,8.977119233,-10.12688595,-3.304757242,-4.254454345,-1.323942194,2.756528223,3.337116073,11.65218037,25.07413565,31.23741387,136.444194,2.645227799,-19.43863709,-10.07848728,-8.56832363,-14.85651772,-1.439270516,-13.59517019,-11.08140764,-0.602759682,-2.919024874,0.349385845,2.021672918,20.32332779,-1.321504652,1.448214599,6.127663494,5.596138949,17.95813367,-1.341025281,-10.62592523
Vanuatu,VUT,-1.766830177,1.203932447,-3.62293223,6.536966036,11.40075987,-4.170206125,-0.498646909,22.2404344,9.176490064,17.92603604,2.568693006,4.780143914,-1.397763735,-20.51961426,-13.60791327,-15.65099744,-12.09469847,8.888900685,-0.417828794,-4.265503884,5.318856072,-9.480194411,-3.367905317,8.766935457,86.08954264,15.95763783,20.36112456,-13.99942253,-0.365490674,6.493170665,-1.142377405,-3.630952791
Venezuela,VEN,-1.69276362,-11.87531141,5.366730697,10.64032588,-28.15250152,-0.000723085,-24.08446871,-10.52708625,-4.745043035,-7.816967677,7.975704988,19.93908299,33.89929775,-20.7330784,-15.86689588,-23.97786205,-20.44038222,-26.99738903,30.18597997,0.824175824,37.11171662,25.59618442,42.75316456,-1.263577921,19.33093848,0.188146754,103.943662,-56.14180479,43.83791728,no data,no data,no data
Vietnam,VNM,no data,-19.3116405,-23.91127203,-21.92529964,-18.83063804,-14.87363235,-19.56938756,4.426718977,-2.563529286,-44.98334507,-4.351742331,2.091562263,8.500385886,-10.15238166,-4.886015399,-9.893850346,-1.218750088,-2.789941976,no data,no data,-4.902135335,1.742559618,8.752762099,8.284770911,7.527678023,5.810682874,-2.311858894,-3.960961251,-4.765573451,3.768501293,-0.757434994,no data
West Bank and Gaza,PSE,no data,no data,no data,no data,no data,no data,no data,no data,no data,no data,10.66393245,-5.817670472,-1.029840553,2.111500915,13.7697667,-19.76576291,23.19182019,-3.116730996,4.287823395,-5.197374882,15.7004758,13.37712032,1.443867021,12.30756062,9.185920383,12.08189182,2.673679206,4.569326934,3.365365912,32.7583994,5.018919798,-7.019764612
Yemen,YEM,-9.698422177,-5.639327878,-1.633854802,-4.427022609,14.66648932,36.61667349,-35.46274188,49.13754529,-13.15154303,-36.65738088,-0.447343296,-4.526027467,-1.736579743,-8.367942951,-15.87802287,-6.754088694,-1.06376247,-9.865989649,36.84960263,-14.97277743,7.896286043,4.048468087,1.796356528,1.06975435,16.54843512,32.07431439,11.47714154,6.593423884,5.667047807,4.080415081,-13.59456255,-13.57693157
Zambia,ZMB,31.9307452,-90.78122385,574.089737,16.12168026,37.62215547,-2.69154608,-22.39361253,43.64887768,-2.305061346,909.9221694,-19.43622691,-14.26872577,-11.53209092,-18.52757888,-41.69412361,-66.98834119,-12.33325009,-12.45221022,6.926528159,-7.910163285,10.10818155,19.75870686,3.969537371,30.67708063,82.73715887,-6.197434211,9.172399166,18.73754265,25.51739139,48.48719181,-20.98334614,no data
Zimbabwe,ZWE,13.89822206,33.11176758,8.491972389,4.802861561,-0.688387747,-21.44564643,-9.72085495,-7.952206495,-3.311927747,-0.793876643,-3.444119802,20.6053119,42.52395823,no data,no data,19.28410371,13.26858429,36.72992695,-3.876754615,-18.96165942,-9.906036939,-10.46869457,-3.471858583,14.19856058,13.4984424,3.91060573,48.47118035,-31.14901302,61.44259721,2.562192091,-29.17917758,55.20658819
