Country Name,Country Code,1990,1991,1992,1993,1994,1995,1996,1997,1998,1999,2000,2001,2002,2003,2004,2005,2006,2007,2008,2009,2010,2011,2012,2013,2014,2015,2016,2017,2018,2019,2020,2021,2022,2023,2024,2025,2026,2027,2028
Afghanistan,AFG,no data,no data,no data,no data,no data,no data,no data,no data,no data,no data,no data,no data,-0.098458076,-2.101669236,-2.392838255,-0.964605092,0.64330071,-2.49220017,-3.88197393,-1.779098075,0.921695012,-0.671821698,0.182057052,-0.63094557,-1.718796808,-1.377700329,0.127257984,-0.673105906,1.63419574,-1.058081118,-2.242799393,-0.328786844,no data,no data,no data,no data,no data,no data,no data
Albania,ALB,no data,no data,no data,no data,no data,no data,no data,-11.9020449,-9.925556476,-8.841427942,-7.772064132,-6.83716591,-6.211610794,-5.006109116,-5.162748126,-3.457787955,-3.263216216,-3.179136855,-4.884198091,-6.586478234,-3.520121859,-3.516311953,-3.440600383,-5.215218883,-5.457544155,-4.317810633,-1.497589914,-1.405554028,-1.620354385,-1.866473994,-6.699743741,-4.591570486,-3.658240487,-2.512499067,-2.828467273,-3.176949427,-3.686150976,-3.68181032,-3.678396844
Algeria,DZA,3.636363636,1.655198972,-1.137454971,-8.454397827,-4.396396396,-1.408635455,2.928287938,2.378461981,-3.820326984,-1.986948146,9.672705226,3.420666651,0.232930928,7.814690707,6.853946106,11.85759058,13.53493642,4.885037439,8.212833687,-7.153131925,-1.485752832,-1.15516485,-4.385598658,-0.863256026,-7.984827554,-15.67758767,-13.38160734,-8.561093256,-6.845141834,-9.583475443,-11.89878225,-7.196061469,-2.857671694,-8.609390942,-12.00859324,-10.57717042,-9.680635148,-8.870191103,-8.54394265
Andorra,AND,no data,no data,no data,no data,no data,no data,no data,no data,no data,no data,no data,0.657774718,0.977651404,1.764419603,1.854838389,-0.08142709,-1.435979671,-2.828197901,-3.191714902,-3.509616299,-0.34865241,0.404676959,-1.653065153,3.360411427,2.142889023,1.653796916,4.06812433,3.33796362,2.670696669,2.305909298,-1.065701837,-1.166473767,4.877177715,3.283439026,3.401563516,3.381830167,3.45429604,3.671742752,3.677398944
Angola,AGO,no data,no data,no data,no data,no data,no data,5.907380357,-0.304461474,-6.709324933,-10.64460822,2.289322438,3.176461513,-2.54244693,-4.684639627,1.183548751,7.17049401,9.422799441,4.311929563,-4.235149508,-7.89737672,3.394898885,8.081202716,4.131198072,-0.303788881,-5.720349848,-2.91724083,-4.520203839,-6.58631724,2.286937801,0.775834965,-1.931231857,3.830427117,0.675272163,-1.943111214,0.973873436,1.401455179,1.248971675,1.769869224,1.183314178
Anguilla,AIA,no data,no data,no data,no data,no data,no data,no data,no data,no data,no data,-1.336539296,-2.701345892,-0.975093985,1.133992437,-3.107974502,-2.550158202,1.0078786,-1.628615089,-2.031878383,-8.434622955,0.048654569,2.768366334,3.076264341,0.668740791,2.58500915,0.461153524,-0.330063396,0.564449295,0.367498353,0.925376629,1.501798597,0.678870584,-0.676513467,1.915834349,3.016265424,4.344854756,4.80605534,5.081222385,5.395928808
Antigua and Barbuda,ATG,0.128247499,-4.093966451,-0.853787995,-2.584668853,-4.594858773,-4.15202049,-1.72663538,0,-1.758237992,-3.354726731,-4.909694801,-9.403600779,-9.737024014,-8.105929663,-4.353616039,-4.801961273,-7.460068307,-5.641053426,-5.361229688,-17.83589394,-0.276828407,-3.497147234,-1.108357026,-4.296054394,-2.869906408,-2.599867599,-0.145445707,-2.840849062,-2.471026985,-4.011792248,-6.155311395,-4.640310902,-3.726172595,-2.751281271,-1.925755141,-1.776484853,-1.408384139,-1.253725626,-1.268321863
Argentina,ARG,no data,no data,no data,-0.024283554,-1.249802355,-2.074606161,-2.810610432,-1.837621355,-1.827434359,-3.705086124,-3.416751183,-5.364146344,-1.910149902,1.500146081,3.96689503,3.340623023,1.650070275,0.756974472,0.351972892,-1.830044406,-1.393454664,-2.74564846,-3.0180556,-3.253828427,-4.252429085,-6.000558031,-6.654668983,-6.693341132,-5.441145258,-4.395052469,-8.588337133,-4.321065118,-3.84864218,-3.985361678,-3.726957718,-1.894407608,-0.519894456,-0.087965694,0.063339609
Armenia,ARM,no data,no data,no data,no data,no data,no data,no data,no data,no data,no data,no data,no data,no data,no data,no data,-1.97631943,-1.95039657,-2.334230983,-1.756524471,-7.686464728,-4.979424966,-2.874853729,-1.493404369,-1.592885554,-1.942693084,-4.836849405,-5.632308736,-4.78505359,-1.751595157,-0.977300943,-5.402747224,-4.589305847,-2.11098045,-2.692244058,-2.662948431,-2.486008467,-2.312995903,-1.950366515,-1.831070023
Aruba,ABW,no data,no data,no data,no data,no data,-0.833510998,-2.343489879,-2.102199417,0.113932757,0.08559493,0.644936007,-0.835328183,-3.168731839,1.896116711,-8.530897958,-2.957016451,-2.541460392,-1.045858066,1.465952186,-2.631133597,-3.486735322,-6.428929675,-8.954928639,-6.047696315,-7.458533675,-1.47528558,-1.454977006,-2.587020743,-2.641025534,-0.242567843,-16.23021576,-9.160815472,-0.46503382,0.815646291,0.239348289,0.458976881,0.694682331,0.940238056,1.174522085
Australia,AUS,-0.231676221,-2.787893107,-4.743536336,-4.726645346,-3.792729318,-2.603694293,-1.455840032,-0.492987384,-0.245797282,0.66610485,1.251383065,-0.030280568,0.192660116,1.050972181,1.323468555,1.70810564,1.772909383,1.475275339,-1.100777729,-4.563011071,-5.11628674,-4.52724228,-3.510395856,-2.811593316,-2.918839294,-2.788304435,-2.422648001,-1.717344373,-1.258903927,-4.412649,-8.744149022,-6.503965217,-2.335627053,-1.43106711,-2.233339632,-1.946170811,-1.513071887,-1.45002565,-1.241098115
Austria,AUT,-2.570026844,-2.945597989,-2.136688259,-4.541946552,-5.013404188,-6.140539419,-4.35710811,-2.371825917,-2.668765336,-2.618030067,-2.063210653,-0.658410611,-1.864522198,-1.381754272,-4.839051893,-2.540769458,-2.563440822,-1.382364127,-1.521402197,-5.355725043,-4.453403655,-2.577134131,-2.189263309,-1.95029165,-2.725969938,-1.046456972,-1.534591285,-0.816118701,0.170147693,0.567510009,-7.987888448,-5.781828594,-3.199763937,-2.381303653,-1.955599898,-1.708332081,-1.639106897,-1.537209333,-1.484310724
Azerbaijan,AZE,no data,no data,no data,no data,-6.415858828,-1.0934858,-2.163902732,-0.946850327,1.63119009,-1.032786477,0.144727517,21.76404562,19.39308714,1.604626259,1.781438087,2.740818919,0.662965133,2.33710871,17.19381939,5.856568808,13.83124453,10.85964091,3.705480028,1.643475099,2.742339379,-4.833042593,-1.169922061,-1.342225689,5.429018068,8.954855927,-6.437997654,4.096244697,5.969584071,0.975844132,-0.796961365,-2.165366753,-1.83570368,-1.661890931,-1.90046075
"Bahamas, The",BHS,-2.643971527,-2.289127573,-2.231197883,-1.054192999,-0.389927384,0.175786765,-0.150162888,-1.55558223,-0.411934184,1.679885847,0.090769665,0.29797426,-1.615081106,-1.629713467,-1.927426585,-1.109158288,-0.431424362,-0.756624784,-0.827968979,-2.4530152,-2.555487428,-2.87195785,-3.154163519,-5.197978419,-4.433208665,-3.283900352,-2.63795605,-8.034408867,-3.278913455,-1.679139646,-8.596095507,-11.57926149,-5.562377017,-3.558109824,-2.741368801,-2.144887324,-2.025069896,-1.917127548,-1.809399302
Bahrain,BHR,-7.076464274,-3.615147326,-5.635036919,-2.883316542,-5.397108212,-4.157962042,0.252507945,-6.657972636,-5.724735669,-5.055441923,7.638643749,0.724943953,-3.411333792,-1.775413752,0.246961932,2.91436109,2.337758519,1.586151103,4.25661767,-5.5862424,-9.680444736,-5.095063364,-5.993287582,-8.882309534,-3.456280397,-18.28981961,-17.42761994,-14.02973828,-11.80244327,-8.963891111,-17.91243586,-10.98766067,-6.098434254,-5.016925509,-3.195423903,-6.633894183,-7.554857763,-8.22407767,-8.991457398
Bangladesh,BGD,-0.153149058,0.442274508,0.355790684,0.426016452,0.032056048,-0.376739331,-2.014710377,-1.940527594,-2.196612848,-1.349645487,-2.495755872,-3.439108826,-2.304819079,-1.957904162,-2.207668024,-2.398161728,-2.147528073,-1.86386098,-3.364729062,-2.679681507,-2.233345862,-2.964583095,-2.555972216,-2.856794877,-2.618950491,-3.289744759,-3.162914558,-4.167013975,-4.068462305,-5.408219166,-4.840447187,-3.605373441,-4.118009785,-4.464334286,-4.5,-4.5,-5.022544202,-5,-5
Barbados,BRB,no data,no data,no data,no data,6.919975242,6.555947546,3.973535729,5.990067547,6.502552151,5.831813935,5.349326137,4.401132149,-5.720746967,-3.34111709,-3.239632016,-3.339804589,-3.800685248,-4.890992726,-4.631187369,-7.43900664,-8.562721443,-4.127713249,-8.030194573,-10.25066011,-7.504764338,-9.138548479,-5.385076974,-4.30528388,-0.300166338,3.6110583,-4.597944029,-5.066286341,-2.154085619,-1.732009849,-1.232983209,0.101718876,0.35924031,0.578344896,0.09619398
Belarus,BLR,no data,no data,no data,no data,no data,no data,no data,no data,no data,no data,no data,-4.738411381,-7.807180093,-6.739276111,-7.063404255,-6.706171323,-7.705104203,-7.820929775,-10.90631239,-7.231963268,-4.186628048,-2.805920045,0.359824811,-0.981959041,0.092110405,-2.963639129,-1.659082683,-0.336524545,1.804798377,0.909551694,-2.870345608,-1.737923641,-3.94695648,-0.683647402,0.550726359,1.593909285,1.696352081,1.727387826,1.687916189
Belgium,BEL,-6.99273191,-7.672130619,-8.419847914,-7.708515027,-5.287641002,-4.50854914,-4.002603972,-2.15103904,-1.024700805,-0.648395005,-0.079219584,0.233037623,-0.043805237,-1.864040313,-0.238730544,-2.715159804,0.239457975,0.066585375,-1.095319865,-5.430870515,-4.08770722,-4.32999617,-4.318508448,-3.129301568,-3.055552798,-2.413643323,-2.363137519,-0.683855747,-0.869881817,-1.98393482,-8.998231944,-5.483003729,-3.884787863,-4.881762809,-4.792894246,-4.808860478,-5.140664071,-5.523232856,-5.535667321
Belize,BLZ,no data,no data,no data,no data,no data,no data,-1.759896781,-1.817946354,-2.733023934,-6.676880214,-6.815007046,-7.289320682,-5.455450118,-8.477275905,-4.556060212,-3.73536364,-2.283838196,-0.188312659,1.260126659,-2.474240866,-1.914649615,-1.062759491,-0.225306983,-1.211740301,-1.723952983,-5.102746424,-4.435463839,-3.450201821,-1.349291989,-2.85966394,-8.431242385,-3.207350481,-0.748537225,-0.548458233,-0.597030828,-0.519020115,-0.556538309,-0.51361093,-0.460307856
Benin,BEN,-2.373390555,-2.251836156,-1.983949184,-0.413379827,-1.56626089,-1.913124195,-0.108263045,0.468233153,1.832176761,1.944146944,-3.692199256,-3.269426664,-3.329892397,-1.072040365,-0.704772656,-1.523283516,-0.146542915,0.222004233,-0.040904611,-2.241002705,-0.275538513,-0.981309004,-0.215565666,-1.365033987,-1.650544396,-5.552835897,-4.288630665,-4.203744682,-2.976436202,-0.539578284,-4.681770031,-5.708796967,-5.554597428,-4.3,-3.7,-2.9,-2.9,-2.9,-2.9
Bhutan,BTN,-7.751634622,-0.517032775,-3.729230363,5.057586924,-0.138559763,-0.950632394,2.744254347,-2.058304784,1.372068329,-1.376169603,-3.643187645,-13.07516333,-4.654306391,-10.99683842,1.941298341,-7.508358122,-0.079272218,0.853084953,-2.755329622,-0.862306083,2.100541881,-3.353221595,-2.333813089,-5.033079104,2.926805186,-0.199832818,-1.934947337,-4.821818661,-1.604977382,-1.586250079,-1.929773029,-6.187607135,-7.515626325,-5.204284684,-6.669202759,-8.045260709,-6.481505374,-7.212971735,-8.439294129
Bolivia,BOL,-4.400000581,-4.200000009,-4.399999998,-6.099999932,-3.000000017,-1.816584448,-1.900000016,-3.280902657,-5.1,-3.836567058,-3.728130401,-6.819600146,-8.788018921,-7.875395133,-5.543419582,-2.244734708,4.469895705,1.740780407,3.569484155,0.014122068,1.665902006,0.831387469,1.756819956,0.656366485,-3.363624188,-6.904266322,-7.243425006,-7.823764969,-8.1433959,-7.220921704,-12.72208399,-9.328258381,-7.123449244,-5.734662279,-5.667699309,-5.305472583,-4.75330676,-4.272920225,-4.044423861
Bosnia and Herzegovina,BIH,no data,no data,no data,no data,no data,no data,no data,no data,-0.977899325,-2.782004805,-4.636680688,-3.453171335,-2.995440641,-0.443560243,-0.183507254,0.759527836,2.149340776,0.173865791,-3.904629716,-5.345513464,-4.06070758,-2.729788825,-2.684882354,-1.281935441,-2.872162548,-0.194224025,0.341746864,1.789494495,1.631880191,1.367679992,-4.616048508,0.610193144,0.927184987,-1.136571342,-1.346429405,-0.942522529,-0.693441552,-0.266658529,0.157696504
Botswana,BWA,no data,no data,no data,no data,no data,no data,no data,no data,no data,6.184570976,8.948543416,-2.964400734,-4.02249122,-0.180257435,1.41829536,10.71121397,13.71568278,5.918588916,-7.59126934,-14.41982371,-8.355128684,-0.11670365,0.915195726,6.070143283,3.884206387,-5.062025462,0.716520386,-1.155323968,-5.073155835,-8.431285152,-11.44775078,-2.492058751,0.040491158,-1.933216295,-1.088159022,0.536954689,0.535156722,0.576646956,0.497041789
Brazil,BRA,no data,no data,no data,no data,no data,no data,no data,no data,no data,no data,no data,-4.078906811,-4.594000054,-5.883342308,-3.420255628,-3.663559613,-3.418461344,-2.231526115,-2.314849438,-3.219763113,-3.107349618,-2.337039887,-1.669946331,-2.978856902,-5.686292589,-8.800962456,-7.582157939,-8.497706348,-7.00905681,-5.031861361,-11.86956792,-2.545212478,-3.104854029,-7.117943413,-6.02567003,-5.336011001,-4.823372502,-4.44462175,-4.359962339
Brunei Darussalam,BRN,-1.625940897,-1.060537545,-8.282163266,-12.77183236,-22.55016687,-19.79362405,-8.703672178,-11.79260604,-23.99687994,-18.25492547,6.859546083,2.585291607,-4.613498703,8.060858758,8.565276269,16.00927015,19.78013926,3.118779324,36.14025684,3.610009678,7.612424974,25.63174642,15.78602258,13.02531938,3.575748697,-14.52268376,-21.68043644,-10.39666507,-3.587102646,-3.688965868,-15.77354657,-8.164442898,2.531329158,-9.668608117,-7.717669249,-7.734251141,-8.455029945,-8.48492664,-8.6022067
Bulgaria,BGR,no data,no data,no data,no data,no data,no data,no data,no data,1.083645458,0.150669235,-0.604752803,-0.580088456,-0.61432026,0.002552001,1.593250814,2.187148295,3.22108651,3.086315595,2.731505396,-0.855506206,-3.769872117,-1.8338337,-0.43415047,-1.751798528,-3.651737303,-2.773706163,1.539022717,0.822980641,0.122898678,-0.957209549,-2.929496026,-2.812987884,-0.814644521,-2.823332264,-3.209321808,-3.579841477,-2.820028631,-2.758280598,-2.703638228
Burkina Faso,BFA,-7.535957507,-2.771556458,-2.509119285,-3.810411981,-1.88707663,-2.645588122,-1.666069792,-2.642848881,-2.597693741,-3.286904208,-3.027830265,-3.557443584,-4.432617637,-1.789912827,-4.194054415,-4.889532822,14.34567379,-5.014919427,-3.62731448,-4.160443428,-4.058343741,-2.039418509,-2.76326957,-3.547978636,-1.737416156,-2.089716888,-3.085410771,-6.879040947,-4.439823236,-3.36843643,-5.124471403,-7.434460625,-10.66468748,-6.634892299,-5.634892299,-4.734892299,-3.834892299,-3,-3
Burundi,BDI,9.4723623,4.82006422,-4.846283138,-1.418834317,-2.050229101,-4.325670786,-10.02642197,-5.215436113,-5.16027611,-6.144991045,-6.434716351,-8.720943929,-5.38114621,-14.73779663,-15.46005765,-10.55558277,-9.92376714,-2.510488923,-2.704250223,-5.144892602,-3.637291735,-3.490980521,-3.79388297,-1.89891993,-3.929128776,-7.559298915,-7.111496679,-5.006278457,-6.658993932,-6.395290242,-6.336997794,-5.249759137,-12.07361709,-4.961951609,-2.77396165,-3.855964958,-2.379976803,-2.615357764,-2.280894632
Cabo Verde,CPV,no data,no data,no data,no data,-12.84000993,-11.83698811,-12.4034022,-11.49035569,-3.564365551,-11.46251416,-17.84043071,-6.465281072,-7.837537662,-4.244028391,-3.50448102,-5.847292513,-4.96775512,-0.863493283,-1.4150242,-5.319511338,-9.596677752,-6.975537967,-9.363887359,-8.489741221,-6.933502566,-4.156998755,-2.728432,-2.634577724,-2.363837441,-1.617137088,-9.088803735,-7.467950254,-4.146788409,-4.522791957,-3.236246482,-2.316119992,-2.425695908,-0.553355911,-0.534803212
Cambodia,KHM,no data,no data,no data,no data,no data,no data,-7.535788245,-3.723821425,-5.357758978,-3.802439323,-4.815447139,-5.14641412,-6.381041058,-6.168518824,-3.56151363,-0.384228826,-0.172371031,0.726747535,0.503094496,-4.781076888,-3.79540501,-4.694837914,-4.524739141,-2.616319114,-1.642672921,-0.646041446,-0.299682118,-0.774433654,0.672195142,2.963079405,-3.402331158,-7.064647983,-0.880021054,-4.495075132,-3.026513576,-2.924238144,-2.738328205,-2.579081886,-2.726238927
Cameroon,CMR,no data,no data,no data,no data,no data,no data,no data,no data,no data,no data,1.544522093,0.861348195,1.506626734,0.560200735,-0.455788725,3.029455591,28.21389827,3.873770577,2.000034814,-0.04070747,-0.932373992,-2.258001678,-1.395956958,-3.554624394,-4.087364833,-4.24571325,-5.881134409,-4.72473822,-2.407988286,-3.243734199,-3.188162803,-2.983951269,-1.114709432,-0.762138249,-0.602452039,-0.28413236,-0.69123892,-1.00832838,-1.000774465
Canada,CAN,-5.911422126,-8.359398267,-9.199149263,-8.934764945,-6.935977535,-5.489640113,-3.05256596,0.038702165,0.142682776,1.655576247,2.639703961,0.529468967,-0.233895789,-0.126957865,0.767669538,1.553120098,1.827604363,1.819655807,0.184425129,-3.881351769,-4.737558582,-3.308732553,-2.524517007,-1.494705998,0.17489616,-0.061845591,-0.453164226,-0.112442955,0.359891308,-0.01728935,-10.91039838,-4.38138394,-0.813686259,-0.72745428,-0.637622139,-0.510976007,-0.447299932,-0.306679287,-0.153296748
Central African Republic,CAF,-6.59760348,-7.996194502,-7.326653765,-5.663068802,-7.573890851,-4.840336162,-1.059028696,-1.565362105,0.000947647,-0.49596201,-2.008457305,-0.880806909,-1.162999703,-3.047220326,-1.718910449,-4.343211473,8.583724637,1.043556485,-1.230862628,-0.543521079,-1.347029142,-2.134753405,0.352511523,-5.93504516,-3.934917366,-0.588474584,1.05344356,-1.056287833,-0.971834112,1.42292143,-3.360947532,-6.020507769,-5.333581718,-3.494082774,-2.767545862,-1.703085176,0.13256635,0.057801514,-0.08135752
Chad,TCD,no data,no data,no data,no data,no data,-4.052345458,-3.711053574,-3.34565104,-2.244788511,-5.278590444,-6.072750732,-4.585337024,-5.291648389,-5.597937356,-2.386961211,-0.068460743,2.219644466,2.524757568,3.614315932,-9.203228787,-4.151880108,2.390733779,0.473324109,-2.06506775,-4.18235925,-4.380174613,-1.936609121,-0.23144412,1.934939734,-0.126847373,1.604175428,-1.968164499,5.088335627,8.307520602,0.779250982,1.738752347,1.502593194,2.417902873,1.69355741
Chile,CHL,2.24057585,1.535322927,2.093700174,1.409528086,1.434757198,3.094519894,2.070818167,2.039141752,0.390147555,-2.017836718,-0.692843284,-0.494623825,-1.170689969,-0.415501044,2.050663764,4.568037245,7.509081047,7.954877552,3.930457667,-4.258969062,-0.362720107,1.426790725,0.682343278,-0.470273938,-1.496369799,-2.0885126,-2.660616375,-2.627531098,-1.482222522,-2.72743259,-7.088379479,-7.495015735,1.361340244,-1.646011217,-1.346302,-0.743399393,-0.273795435,0.199664053,0.216842678
"China, People's Republic of",CHN,-0.718855095,-1.043601088,-1.224926783,-0.895421286,-1.690205129,-0.95252502,-0.740213912,-0.733380182,-1.087653407,-2.322645498,-2.845991505,-2.595871648,-2.883545467,-2.394297322,-1.511828484,-1.401483761,-1.143696889,0.058939131,-0.02477351,-1.750808613,-0.361978602,-0.098097733,-0.301715139,-0.836155369,-0.68302475,-2.543527959,-3.391911938,-3.40347178,-4.283492526,-6.101880324,-9.718118266,-6.045042007,-7.5157203,-7.110657776,-7.039023541,-7.253122646,-7.463285029,-7.632071708,-7.823426628
Colombia,COL,-0.405866123,0.349416905,-0.066866241,-0.239768753,-0.137915908,-0.998152454,-2.493868941,-3.225456464,-3.862567258,-5.365070977,-2.935578379,-2.707566698,-3.45079738,-2.701269374,-1.310571281,-0.020771191,-0.992650981,-0.819777005,0.041817672,-2.674047345,-3.302767227,-1.992978459,0.154783418,-1.020743069,-1.744077029,-3.52021835,-2.273959629,-2.495518534,-4.667652038,-3.481777428,-6.95818273,-7.125337791,-6.204645486,-3.481808266,-2.396282387,-2.598936768,-2.438889222,-2.154939295,-1.934382364
Comoros,COM,-1.030205634,-2.258100403,-1.991889327,1.274533237,-3.704007163,-4.133612121,-3.429947603,-1.301930879,-2.006342822,-0.456720394,-1.138908916,-2.129254879,-2.146327554,-2.045397099,-0.979899748,0.032357765,-1.506793926,-1.179359699,-1.46445637,0.359637894,4.204039401,0.861227187,1.961578352,10.48854181,-0.328018601,2.598304296,-5.520271974,-0.097681259,-1.346950471,-4.295053673,-0.511601736,-2.782519396,-3.935217031,-4.914203401,-4.489717399,-3.038944705,-1.702663843,-1.462578249,-1.773072732
"Congo, Republic of ",COD,-4.103315379,-11.19545205,-12.68441324,-11.30642929,-10.62698922,-6.379538956,9.195060399,3.667710097,-5.159991398,-4.745997859,1.046864035,-0.705858267,-7.341981696,0.365582583,3.325541757,13.40279368,15.95727855,8.986431279,23.89676581,4.755979122,15.51710743,16.06509503,7.235995846,-2.849273704,-10.73220658,-17.80514785,-14.54225268,-5.570996107,5.221873982,4.303832358,-1.104885442,1.629394878,8.948031423,4.091430683,4.999819903,3.568353584,2.720414181,3.395445644,3.836550477
Costa Rica,CRI,-4.403627592,-2.410503222,-1.51364954,-1.522542038,-5.461607904,-3.683910402,-4.322043805,-3.390160192,-2.96482605,-2.881497527,-3.683747924,-3.470523558,-4.992425871,-3.432176192,-3.415232679,-2.09117063,-1.042791141,0.558234422,0.18214316,-3.251268977,-4.956304857,-3.909690546,-4.215275986,-5.246260115,-5.453586327,-5.522199884,-5.094052068,-5.879000583,-5.660287801,-6.684226016,-8.379604168,-5.112726565,-2.840628214,-3.465228068,-3.141138371,-2.646169428,-2.412155664,-2.233184494,-2.045348027
Croatia,HRV,no data,no data,-5.426274527,-2.389703547,-0.440157891,-3.842289059,-4.004467845,-4.54059865,-5.935914998,-10.70938239,-8.816360601,-4.55978873,-4.758135755,-4.753272587,-5.884573093,-3.138089186,-1.965625634,-2.228501285,-2.434578635,-7.162673392,-6.672238159,-7.634528151,-5.505219441,-5.542182152,-5.167702421,-3.495801627,-1.036318692,0.829799265,0.139990757,2.224655934,-7.306442666,-2.485749605,0.391835398,-0.76180104,-1.748885153,-1.076649346,-0.814234553,-0.783355404,-0.58744067
Cyprus,CYP,no data,no data,no data,no data,no data,-0.712397275,-2.956325584,-4.821219576,-3.85107839,-4.053804102,-2.239735724,-2.107402184,-4.130672729,-5.907264971,-3.711642274,-2.22433614,-1.041243492,3.228164349,0.865878293,-5.433350825,-4.684240275,-5.65008737,-5.550568599,-5.159559431,-0.233372229,0.0679893,0.256131105,1.89392634,-3.618143314,1.255156107,-5.785829764,-2.007169354,2.114313644,1.884297564,1.662125314,1.457921924,1.256670043,0.984731226,0.921435913
Czech Republic,CZE,no data,no data,no data,no data,no data,-12.37124962,-3.004884502,-3.174897921,-4.173050101,-3.128163861,-3.575635642,-5.759548002,-6.351361696,-6.858023441,-2.369538651,-3.026569568,-2.150143265,-0.644844856,-1.964203559,-5.411347589,-4.152000942,-2.700351498,-3.897100256,-1.283886714,-2.075491409,-0.643817651,0.711776193,1.50140596,0.892517707,0.288509121,-5.766481799,-5.084995753,-3.647132298,-4.076259461,-2.250613535,-2.026339578,-1.876599408,-1.624733449,-1.447602558
C?te d'Ivoire,CIV,no data,no data,no data,no data,no data,no data,no data,-0.749169757,-0.696892189,-1.267969102,-0.830553058,0.699229742,-0.637283748,-1.261215599,-1.037869828,-1.025127001,-1.034348591,-0.388505064,-0.209869061,-1.001842502,-1.336893709,-2.889151121,-2.276488361,-1.620933143,-1.568167655,-2.042140374,-2.978643552,-3.27411453,-2.904716592,-2.237643524,-5.422773083,-4.926416551,-6.82623391,-5.238249624,-4.119657692,-3.046049996,-3.023368039,-2.847717914,-2.843089583
Denmark,DNK,-1.537945455,-2.930545247,-2.571247488,-3.672401574,-3.602986851,-3.62003043,-2.482573914,-1.200213938,-0.388537142,0.868934154,1.887315728,1.14055439,-0.015387103,-0.133147637,2.073171218,4.955097249,4.987100686,5.020456096,3.173907975,-2.798141618,-2.710215658,-2.055766184,-3.490444865,-1.235647209,1.144427647,-1.329580879,-0.105986833,1.786261491,0.760435181,4.131581965,0.379979939,4.05680221,3.431980839,1.833450129,0.928140974,0.471587876,0.262400621,0.112806487,-0.006314523
Djibouti,DJI,-3.254455713,-0.862770785,-6.133449482,-7.098571465,-4.965438431,-5.13138191,-1.766043592,-2.857651208,-3.591979543,-5.196624376,-3.974235146,-3.606056493,-4.564852232,-4.134235474,-3.668533077,-1.178279166,0.261304102,-1.881283687,0.622777193,-3.882907841,-1.044644159,-1.184684174,-2.041902181,-4.245350104,-6.85816476,-15.45315373,-8.303328279,-4.511918827,-2.877343559,-0.91756725,-2.310850068,-2.70951077,-1.443375132,-3.606437572,-3.275120812,-3.616526293,-3.625701888,-3.709075147,-3.549442935
Dominica,DMA,-4.872599004,-3.084127412,-2.278634965,-1.463213383,-3.418255981,-2.972669561,-1.618917739,-2.311473156,-6.076921186,-9.199378434,-8.748854076,-6.47624213,-4.132755676,0.879134974,-0.67070749,0.980914691,3.044612646,1.876791203,0.723673589,-0.310820914,-3.407318278,-4.335724367,-5.482576595,-2.946766644,-5.652784365,11.75285309,11.04321964,-3.370146892,-19.64796413,-7.884242403,-8.065941462,-9.323883238,-4.072402245,-4.17612471,-2.983397513,-2.626238925,-2.13196703,-1.638460706,-1.597346748
Dominican Republic,DOM,no data,no data,no data,no data,no data,no data,no data,-0.641463078,-0.288584864,-0.788346083,-0.858676582,-0.728470421,-2.277211224,-4.242187067,-3.598601834,-0.714283665,-1.687029185,0.281261603,-3.428157357,-2.893726576,-2.971517942,-3.063761749,-6.252448185,-4.40395871,-2.75273262,-0.032990253,-3.103231263,-3.087516565,-2.160391022,-3.465242838,-7.906123141,-2.939310553,-3.245252368,-3.248889058,-3.102210133,-2.878007605,-2.62503482,-2.323190371,-2.117306351
Ecuador,ECU,no data,no data,no data,no data,no data,-1.937034889,-3.292046488,-2.703631201,-4.87985012,-4.617337897,-0.306545905,0.030917104,0.699457232,0.9980083,1.867465896,0.641330682,2.851907229,2.597920152,0.56232864,-3.569994934,-1.357407946,-0.126728357,-2.833864171,-8.289759374,-8.127867769,-6.72725189,-10.0624164,-5.785282085,-2.803933336,-3.454599904,-7.124008065,-1.607187534,0.046299237,-1.036733709,-0.781013159,-0.555423723,-0.425851344,-0.335654651,-0.311930686
Egypt,EGY,no data,no data,no data,no data,no data,no data,no data,no data,no data,2.135181042,1.32027816,-1.06982542,-6.76778842,-5.729070408,-5.762199715,-6.687293436,-7.354560014,-4.898811489,-6.049311935,-6.195440023,-7.446819593,-9.600046002,-9.471082471,-12.27932601,-10.72266355,-10.37048173,-11.7961521,-9.8983807,-8.974733188,-7.595343102,-7.468626272,-6.955298585,-5.778625438,-4.619530971,-10.7303833,-11.13656159,-10.07254069,-8.824815434,-7.839762951
El Salvador,SLV,-0.612946594,-2.304632453,-4.288814221,-1.416472055,-0.943044881,-0.176867165,-2.702392576,-1.972370572,-2.939925956,-3.082454301,-3.44550201,-4.945072391,-5.504019204,-3.950799991,-2.759259159,-3.473082582,-3.416041582,-2.324214476,-3.800516426,-6.646327844,-4.96543927,-4.470020614,-3.807929988,-4.457197165,-4.017488239,-3.632142871,-3.104199753,-2.528185473,-2.705906994,-3.070256693,-8.176949292,-5.452671788,-2.439277386,-3.964748609,-3.985919521,-4.112923012,-4.122125631,-5.654527273,-5.634184637
Equatorial Guinea,GNQ,-160.1852513,-236.0355385,-557.4986031,-217.9360726,-487.312428,-123.4159248,-6.355378715,3.213610566,-7.651485524,-0.191127988,-2.667315266,14.90892618,17.59412696,7.783221792,13.87401325,18.54692496,21.79465642,17.15997262,14.61374224,-6.474637041,-4.533053248,0.834548968,-7.238722748,-4.403283572,-7.540969235,-15.09709085,-10.91693777,-2.590037528,0.530693646,1.823553403,-1.771039513,2.640949143,13.589358,3.805828206,0.377164097,-2.235610351,-4.164376518,-5.609690454,-5.853530199
Eritrea,ERI,no data,no data,6.852970971,4.223687456,8.690480879,-22.93464571,-18.40294823,-5.647864516,-40.34926296,-59.74224536,-25.40760758,-9.616395518,-13.28761606,6.234582277,-7.651012086,-30.97116806,-15.47985296,-19.82194436,-37.97589452,-22.15574924,-16.51646435,-5.501972422,-5.214572135,-7.624069253,-0.121696107,-2.765868618,-1.435204668,-5.736498526,5.223745833,2.717379839,-0.157278836,0.824153651,4.711704723,4.52715014,4.280131378,3.267132909,2.461917661,1.743619593,1.4135176
Estonia,EST,no data,no data,no data,no data,no data,-0.368397279,-1.03788536,2.869143974,0.535482438,-3.525426663,-0.215216951,0.044238242,0.264127948,1.652052166,2.265982202,1.025627266,2.748723665,2.554314193,-2.92615737,-2.888841242,-0.47686482,0.546797224,-0.755071835,-0.27225281,0.25448486,-0.387413827,-0.954889805,-1.026283995,-1.133378464,0.1199099,-5.475428536,-2.446097898,-0.931956056,-3.885460821,-3.205889008,-2.79700943,-2.702218399,-2.63507543,-2.549275168
Eswatini,SWJ,5.450965364,3.30219872,-2.814669031,-3.197478919,-3.50911681,0.870096375,-0.971459448,2.046204704,1.040365402,-1.232489052,-1.18753226,-2.246268195,-3.673515978,-2.08510963,-3.980422804,-1.654824395,8.62125017,2.364768277,1.580273527,-2.966778253,-9.240560785,-3.900955292,3.382623033,0.568758685,-2.719072794,-6.165269952,-9.099361474,-6.93796144,-9.661263051,-6.703406808,-4.61903472,-4.695875959,-4.588385534,-0.350455286,-2.320358854,-3.467381853,-3.532929938,-3.652544162,-3.72163693
Ethiopia,ETH,-6.66234143,-5.826596569,-4.780213262,-4.002754641,-5.230469874,-2.677278203,-3.814448325,-1.701994904,-3.51143696,-8.230808193,-8.88036366,-3.760400444,-5.764230504,-5.592003549,-2.651278615,-4.12228972,-3.787920745,-3.567435102,-2.882350064,-0.932116785,-1.320751331,-1.607127794,-1.171938787,-1.930531162,-2.582291152,-1.947067005,-2.300454263,-3.243369513,-3.029069445,-2.533412526,-2.764306795,-2.766823673,-4.158374688,-2.734457461,-2,-2.5,-3,-3,-3
Fiji,FJI,no data,no data,-2.13975004,-1.830889902,-0.190562647,0.767827977,-3.351468877,-4.48276478,5.21346506,1.09888248,-1.36669275,-4.404844547,-3.584986113,-3.339139959,-0.952479916,-1.1441011,-0.740544936,0.295148029,1.335928602,-2.866934146,-1.258244746,-0.686522662,-0.669215085,-0.07620479,-3.355773232,-3.833480872,-5.582510067,-2.03619274,-4.28422141,-3.598633153,-8.813205399,-14.10282501,-11.17552532,-6.110384522,-4.994613904,-4.838505139,-4.640039132,-4.445043889,-4.274280136
Finland,FIN,6.633714416,0.300882929,-4.88114493,-8.083092252,-6.399535575,-5.970633898,-3.366868137,-1.324826049,1.536431097,1.595543509,6.726667742,4.891169068,3.973438573,2.339389386,2.157371597,2.588546758,3.924301752,5.115142833,4.179857411,-2.483672358,-2.53371106,-1.019202214,-2.15980143,-2.524948488,-2.98747686,-2.425432268,-1.69825026,-0.653996226,-0.854528788,-0.948477849,-5.578941177,-2.802486848,-0.85017681,-2.612917456,-2.530102635,-2.786524946,-2.024815289,-1.349208886,-1.075141106
France,FRA,-2.433780775,-2.862952904,-4.601130167,-6.358794486,-5.422984116,-5.108542995,-3.905879422,-3.652911523,-2.378585335,-1.602927625,-1.318490313,-1.379209466,-3.160226951,-4.015475885,-3.590570293,-3.355559897,-2.443685608,-2.636244694,-3.26373483,-7.174779051,-6.886671555,-5.154760881,-4.980984334,-4.084092594,-3.904659346,-3.62517467,-3.637256398,-2.958417093,-2.288954541,-3.064650778,-8.984093757,-6.483997513,-4.806501724,-4.858296666,-4.490083783,-3.977762668,-3.644198674,-3.497584782,-3.603693552
Gabon,GAB,-3.83442429,-2.030771831,-4.896678632,-5.353771431,-1.529080533,2.643109812,2.115203535,1.407471586,-13.11337194,1.114115205,11.13195095,4.067452055,3.72426301,7.752375646,6.992646229,7.977280456,8.671886167,8.062386682,10.99433596,6.770050763,2.697552738,1.409810345,6.204178226,-3.06911062,5.979626098,-1.117194276,-4.710070204,-1.699244897,-0.211995909,2.133488728,-2.193922256,-1.85287348,1.892198703,-0.404529115,-1.054852807,-2.326306578,-3.673318783,-4.533904815,-5.229798649
"Gambia, The",GMB,no data,no data,no data,no data,no data,no data,no data,no data,no data,no data,-0.090777114,-2.522861367,0.059382814,-1.732202164,-1.7660224,-3.332376241,-3.193722105,0.274808161,-0.454398519,-1.647543535,-2.927866698,-3.013881237,-2.822915823,-5.065033087,-3.936774188,-5.375322951,-6.224009695,-4.348708194,-5.737855916,-2.548126479,-2.17599928,-4.595393099,-4.799438691,-2.676403272,-2.48573858,-1.467517856,-1.227646034,-0.966055092,-0.785130825
Georgia,GEO,no data,no data,no data,no data,no data,-4.885024644,-5.906459643,-6.787846068,-3.996811396,-4.723802915,-1.920674602,-0.707242068,-0.186328623,-0.547683272,3.591741748,2.144569128,3.283765303,0.809171858,-1.921929579,-6.364511803,-4.543669568,-0.827435457,-0.727126836,-1.271981037,-1.812926305,-1.184195651,-1.519581028,-0.458011239,-0.816506759,-1.842420924,-9.254575818,-6.043900415,-2.599536173,-2.985115525,-2.364385817,-2.215522837,-2.104594324,-1.998331769,-1.973329037
Germany,DEU,no data,-3.189052844,-2.6050198,-3.094940288,-2.523844661,-9.432231435,-3.570402523,-2.942100298,-2.566892704,-1.719220386,-1.584664476,-3.025444871,-3.874993176,-3.704201088,-3.334158372,-3.319436615,-1.653152096,0.26088696,-0.116356239,-3.150511299,-4.378646077,-0.881398595,0.009324994,0.039980792,0.579552713,0.960550926,1.160351417,1.336083938,1.949902688,1.526261402,-4.339298358,-3.586531949,-2.499735607,-2.89169801,-1.653909039,-0.937235809,-0.641087164,-0.535697855,-0.540943339
Ghana,GHA,-2.074889286,-1.587639948,-4.873862852,-5.866294095,-5.445074123,-4.855772497,-6.02868553,-6.620067356,-5.68872435,-6.088973388,-4.285441234,-3.897886722,-2.922274912,-2.137147827,-2.169125779,-2.009621651,-3.326748253,-5.26193633,-5.906139034,-5.324349748,-7.471213308,-5.472883464,-8.328316218,-9.116926197,-7.81199449,-4.007382892,-6.745807607,-3.966313317,-6.791242265,-7.519199051,-17.44290326,-12.02954579,-11.21750507,-4.596654323,-4.106091929,-3.529477366,-3.038351816,-2.641592722,-2.839242798
Greece,GRC,-13.10424346,-9.493935302,-10.49763606,-11.29319291,-8.358875034,-9.730937849,-8.158234421,-6.056035986,-6.268411263,-5.793450882,-4.063095145,-5.46604991,-6.024066903,-7.830412789,-8.82787173,-6.187952339,-5.945965795,-6.707062893,-10.17604033,-15.215085,-11.39726223,-10.50819446,-6.754927514,-3.929476774,-4.206143221,-2.996558352,0.253683539,0.904739844,0.809209281,-0.034905727,-10.48631851,-7.664235586,-2.307333812,-1.642324829,-0.76506619,-0.871164145,-0.893537127,-1.121166447,-1.224089595
Grenada,GRD,-7.777378241,-4.33532418,-1.457174928,-0.156981512,-2.846063161,-0.460711031,-3.018867109,-4.939726983,-2.393968471,-2.389417794,-2.156842497,-6.110953608,-14.02825504,-3.25044922,-0.621490505,0.87072357,-5.25432906,-5.944308745,-3.754528804,-4.793053957,-3.175679515,-4.711141686,-5.413766298,-6.76402539,-4.201445244,-0.799688481,2.692904006,3.014399187,4.589354358,4.969731468,-4.544529722,0.326113498,0.937049476,1.943110054,1.957491168,2.021251065,0.759748988,0.373328717,0.158598754
Guatemala,GTM,no data,no data,no data,no data,no data,-0.528109906,0.037066655,-0.789871086,-2.291332639,-2.96190769,-1.876629031,-2.003346107,-1.0322005,-2.468632805,-1.04761479,-1.670119167,-1.878487661,-1.403011627,-1.569811649,-3.120003493,-3.277254046,-2.804110762,-2.416249523,-2.163820819,-1.921281986,-1.472112172,-1.110088955,-1.384181338,-1.880525562,-2.236042158,-4.909832714,-1.16754628,-1.70652596,-1.771153503,-1.781462702,-1.906745738,-1.964196213,-2.010423068,-2.021714928
Guinea,GIN,-3.755477352,-3.248325356,-0.959518382,-2.332215361,-2.591085319,-1.07472267,-2.201280485,-0.065439504,2.17853823,-1.301846644,-2.454890694,-3.308429337,-3.528636513,-4.685691016,-3.88371614,-1.074191657,-2.179952135,1.263189428,0.374173012,-4.892582486,-9.661243263,-0.93571808,23.23180377,-3.873635342,-3.157909623,-6.550772382,-0.147390181,-2.061662956,-1.092202156,-0.26391282,-3.136225242,-1.752968978,-0.738229779,-2.284376763,-2.35114033,-2.320207141,-2.434394,-2.593412104,-2.207078332
Guinea-Bissau,GNB,no data,1.60653672,-0.252381998,-0.337747663,-5.541399775,2.449644226,3.478052566,-2.55580984,-5.954428769,-4.064589499,-2.800830636,-1.825661848,-3.70366484,-5.627553397,-5.91951606,-4.960269796,-4.574471073,-8.774457664,-0.734810049,2.679352216,-0.225076328,-1.353676216,-2.122832796,-1.672842256,-2.435816657,-3.161462636,-5.341001642,-1.320655423,-4.764123282,-3.861457398,-9.637580006,-5.870540985,-5.904817491,-3.51584061,-3.182795863,-2.9943925,-2.972457792,-2.987589962,-2.979208385
Guyana,GUY,no data,no data,no data,no data,no data,no data,no data,-1.698401462,-2.669595173,-0.469013243,-2.273284215,-3.707531666,-2.419074747,-4.810227432,-2.879763768,-6.539737828,-6.162604353,-3.352963779,-2.775227521,-2.499213169,-1.879462026,-2.134031976,-3.286170392,-2.258539684,-3.901819045,-0.727937779,-3.194304049,-3.126536901,-2.583166118,-2.544782199,-7.785869647,-7.282441256,-5.178215999,-6.713607738,-5.039113573,-3.034828298,-2.030288875,-1.030196237,-0.030028066
Haiti,HTI,no data,no data,no data,no data,no data,no data,no data,0.372749145,0.210634407,-1.543847003,-1.356857804,-1.547886088,-1.80027984,-2.236055432,-1.343124892,-0.829425804,-0.908683503,-1.545154788,-1.799032972,-1.996162269,-1.497303467,-1.429715413,-2.711773287,-3.975551452,-3.640515524,-1.472256829,0.116525256,-0.305364031,-1.12648034,-1.994484563,-2.496263746,-2.55348057,-2.05150923,-1.513201424,-1.779005055,-1.826147932,-1.908847807,-1.985591656,-2.04820877
Honduras,HND,-1.821085781,-1.94562009,-1.409156446,-5.03320174,-0.98257859,-0.244308963,0.126739629,0.080106047,2.893287968,1.3812497,1.508103363,-3.118870878,-5.015399323,-5.093454515,-2.475410019,-0.032652263,-1.355423713,-0.253748057,-0.266666666,-4.8648519,-3.371280219,-2.942645813,-3.483095592,-5.729798638,-2.89690526,-0.781103247,-0.397364584,-0.407754384,0.197209917,0.088390938,-4.493051774,-3.138849713,1.649514057,-1.853407505,-1.683164965,-1.524584302,-1.431035884,-1.018050086,-1.082573661
Hong Kong SAR,HKG,0.641679309,3.127492593,2.626541994,1.990420657,1.015467899,-0.273013267,2.019940335,6.317533066,-1.800939754,0.761944664,-0.587168782,-4.83634516,-4.77316517,-3.171906962,-0.30353307,0.97056607,4.00008594,7.336107412,0.247467859,1.738341228,4.136196534,3.769975265,3.142955127,1.007558697,3.59204771,0.595037243,4.387416371,5.492611129,2.349912256,-0.582609386,-9.229290188,0.00811342,-6.553326704,-3.863394285,-0.998989624,0.179179221,0.579237718,1.295814158,1.295814158
Hungary,HUN,no data,no data,no data,no data,no data,-8.598949299,-4.37641966,-5.550687301,-7.424332453,-5.276627908,-3.04138711,-3.999402287,-8.79771369,-7.183074803,-6.590602451,-7.778838879,-9.259770878,-5.083005146,-3.78258025,-4.74977052,-4.426912436,-5.211393486,-2.32436313,-2.597482932,-2.774841123,-2.003996658,-1.796852546,-2.459089944,-2.056559025,-2.046678216,-7.522751532,-7.149166059,-6.243699231,-5.475972772,-3.839247852,-2.750702887,-2.13230143,-2.043806347,-1.504316301
Iceland,ISL,-3.16097517,-0.65873468,-1.862893032,-4.355776441,-4.591717475,-2.870189931,-1.516760288,0.038841491,-0.565290094,1.319185679,1.445682612,-0.280576409,-2.274100265,-2.323740523,0.286576651,5.006561921,6.449373264,5.598607594,-12.13833451,-8.579548214,-6.663366979,-6.530108345,-2.624649014,-1.24767403,0.295011407,-0.395395976,12.54932215,0.97794856,0.955044486,-1.592875318,-8.921805159,-8.53624432,-4.088614793,-0.872283105,-1.232798547,-1.280264545,-0.283530555,-0.368238657,-0.939836509
India,IND,-7.929556252,-7.764013903,-7.757095069,-8.422456797,-7.859094074,-6.696948115,-6.589632972,-8.13344322,-9.574478112,-8.550728602,-8.264003329,-10.84282609,-10.88126472,-11.23113542,-9.062075245,-7.368330522,-6.320713097,-4.505137454,-8.982172837,-9.534028834,-8.625845182,-8.349151646,-7.549559685,-6.999618196,-7.071068563,-7.205084204,-7.120009714,-6.227235694,-6.375815459,-7.69407272,-12.88009877,-9.598509715,-9.234953843,-8.768432478,-8.472470676,-7.983059084,-7.654992655,-7.405538442,-7.232992224
Indonesia,IDN,no data,no data,no data,-0.588573955,0.00485037,0.640948135,0.962360913,-1.033756429,-1.893491985,-0.959390205,-1.869997613,-1.763397994,-0.576078316,-1.077269176,-0.260194006,0.461782595,0.450943402,-0.952682535,0.054113001,-1.644375355,-1.242440318,-0.703538423,-1.586458811,-2.21677129,-2.145667473,-2.603505797,-2.486273918,-2.509060878,-1.805558195,-2.161213198,-6.09596643,-4.540020754,-2.341009641,-2.223549866,-2.162276141,-2.139326883,-2.133219498,-2.068739902,-2.025093164
Iran,IRN,-2.109248083,-2.005240892,-1.045965845,-6.280514959,-4.099310163,-3.211100723,-0.914595299,-2.209101812,-6.137989654,-0.621062096,6.614198916,0.024193879,-3.517413806,-3.364206648,-2.984693209,-2.949756795,-5.884447177,-2.868591215,-5.140462247,-3.817458653,-0.972751612,-0.758757138,-0.576849599,-0.830779768,-1.047069456,-1.499940091,-1.773137872,-1.613622365,-1.639695994,-4.4830544,-5.76611402,-4.22010503,-4.085319613,-5.453928606,-5.73557344,-5.98372528,-6.275967584,-6.59249109,-6.923293265
Iraq,IRQ,no data,no data,no data,no data,no data,no data,no data,no data,no data,no data,no data,no data,no data,no data,-35.39817073,4.068681643,10.71080567,7.837352218,-0.855565461,-12.75176383,-4.178909482,4.744457625,4.094073616,-6.062282776,-5.630533749,-12.82965397,-14.50230694,-1.502663897,7.786899389,0.848570203,-12.94050635,-0.374731018,7.642242225,-7.671462728,-7.778097771,-8.742502489,-9.326476266,-9.454305609,-9.587171354
Ireland,IRL,-2.68986733,-2.796361503,-2.83838952,-2.623444951,-1.81608586,-2.073521435,-0.197394716,1.373198847,2.071216322,3.536980957,4.855202035,0.95938209,-0.519345873,0.346071151,1.298165226,1.570408559,2.775422354,0.267874359,-7.030536674,-13.87275838,-32.11867951,-13.57225999,-8.482584651,-6.400702792,-3.605291834,-2.033190769,-0.768152748,-0.288246703,0.133642397,0.468603114,-4.976868754,-1.567903794,1.586487373,1.691788555,1.835331192,1.764826982,1.620365419,1.130818229,0.891331727
Israel,ISR,no data,no data,no data,no data,no data,no data,no data,no data,no data,no data,-0.89701301,-3.821865949,-8.212299372,-4.988347405,-3.3854201,-2.714223079,-0.918031566,-0.33802613,-3.489215862,-6.550772962,-3.723259604,-3.421519053,-4.403811808,-4.081784505,-2.287253739,-1.163571979,-1.700016914,-1.179901328,-3.603079306,-3.902572737,-10.79744905,-3.666989163,0.618058832,-1.615666234,-2.049627485,-2.776609225,-3.190211012,-3.498858623,-3.683612164
Italy,ITA,-11.16077586,-11.10178687,-10.10574843,-9.770156321,-8.847029743,-7.210263862,-6.614678101,-2.98162597,-2.988261905,-1.772796471,-2.423335417,-3.190308994,-2.869301371,-3.217623364,-3.478850032,-4.082523508,-3.616566883,-1.34025662,-2.563900592,-5.121045664,-4.239734869,-3.593011944,-2.945408004,-2.854255154,-2.954394908,-2.552201794,-2.403898603,-2.419104534,-2.165134631,-1.50741742,-9.655687676,-9.017853347,-7.956403726,-4.990983287,-3.997855969,-3.287432681,-2.701333697,-2.679063308,-2.476088846
Jamaica,JAM,2.403756767,3.967601495,3.185847854,2.664881154,2.657328315,1.646650631,-5.453256965,-6.712351798,-5.96907576,-3.624164942,-0.819423957,-5.013552109,-6.942111087,-5.816881233,-4.802685254,-3.386604909,-5.028681071,-3.924004717,-7.622443134,-11.38298899,-6.437442921,-6.50714474,-4.155650824,0.121494536,-0.504221824,-0.294269909,-0.197399508,0.460329175,1.19626041,0.919468641,-3.076238282,0.965018567,0.296811749,0.284399552,0.293731245,0.592546106,0.983858489,1.049612679,1.435314645
Japan,JPN,1.952219495,1.670553319,0.573241069,-2.386795837,-3.761947654,-4.295516835,-4.869165475,-3.526219434,-10.0468334,-6.748538404,-7.281846065,-6.200481178,-7.335969983,-7.433287523,-5.314176836,-4.4384803,-3.028812142,-2.901044111,-4.109685846,-9.692963811,-9.075810643,-8.985524144,-8.196479901,-7.611372977,-5.616051777,-3.677789665,-3.599609526,-3.098813357,-2.471407852,-3.044643867,-9.060670377,-6.150369141,-6.853929267,-5.60691923,-3.665983214,-2.558624545,-2.71798708,-2.925240671,-3.308877385
Jordan,JOR,-7.45351832,-10.15218798,1.87347393,-2.141623357,-2.299640946,-1.717366899,-3.245276278,-2.974171413,-5.395715712,-2.693094985,-3.994888359,-2.76963205,-4.437498232,-2.517028493,-1.088715862,-5.358541232,-3.820385946,-5.030862004,-4.797208407,-8.842169311,-7.814288486,-9.817933294,-14.32902519,-10.06691987,-8.475493505,-8.389299661,-3.657405251,-3.566838248,-4.612692121,-5.739411352,-8.612929257,-7.754362093,-7.272319655,-6.998691952,-6.631183639,-4.689990141,-3.901269685,-2.956977144,-2.777304504
Kazakhstan,KAZ,no data,no data,no data,no data,no data,no data,no data,no data,no data,no data,no data,no data,1.923886232,3.996044417,3.287322271,6.077757962,7.652629268,5.13441638,1.227135084,-1.328048497,1.469692239,5.811036371,4.430881157,4.945692866,2.481848067,-6.259289827,-4.50321692,-4.265508564,2.579564209,-0.569542669,-7.036916264,-4.96605193,0.091036711,-0.882817787,-1.08008643,-0.932831209,-1.257484377,-1.499725531,-1.844412174
Kenya,KEN,-3.279660246,-6.560991233,-8.276171752,-8.574485432,-4.142013311,-0.229636678,-0.490408868,-0.906758808,-0.027659111,0.842639138,0.380758038,-0.527682131,-1.294537668,-0.727511511,0.502326066,-0.19335509,-0.432191383,-0.95420098,-1.951606992,-3.124429861,-3.673265481,-3.638726354,-5.287786928,-5.24594006,-5.753333226,-6.682220835,-7.453007215,-7.366444588,-6.908667541,-7.399774448,-8.13118178,-7.196172613,-5.819296699,-4.711224371,-4.093382702,-3.711271865,-3.607776024,-3.790808953,-3.758622008
Kiribati,KIR,-3.926100363,3.372981485,1.009082718,7.853400082,0.906642012,-6.302096802,-24.66346177,7.061629371,16.64233659,-2.024499327,-0.031672518,-11.20709534,3.237871566,-9.514594893,-19.52340942,-10.11323065,-12.50460721,-12.97842119,-16.49944344,-9.06535817,-8.305931294,-19.04163428,-5.922910133,12.8519438,39.38139823,47.82737646,23.25012148,40.36951775,6.166090948,13.38623459,4.443285216,-11.20112098,-19.83086719,-12.03187307,-12.35796378,-11.49055519,-10.57743409,-14.98290903,-15.50032137
"Korea, Republic of",KOR,no data,no data,no data,no data,no data,2.235069236,2.3779115,2.393903489,1.130435017,1.187209296,4.04960052,2.507869282,3.34599568,1.563930596,0.089544783,0.992409195,1.232118289,2.596853404,1.647822514,0.249276862,1.675493826,1.794643487,1.703687764,0.826348703,0.600667081,0.521646175,1.645929215,2.188104777,2.563017051,0.371785266,-2.233081501,-0.019901947,-1.6035442,-1.233988723,-0.887666531,-0.26990388,-0.17037093,-0.00203962,-0.005813344
Kosovo,XXK,no data,no data,no data,no data,no data,no data,no data,no data,no data,no data,-3.152772476,2.922245086,3.394641418,1.570293813,-4.618969711,-2.285693731,2.643792612,6.682631732,0.039073402,1.618183195,-1.009465804,-1.036484516,-2.444515427,-3.420374123,-2.650188546,-2.115887544,-1.70870994,-1.425765024,-2.861426369,-2.926952971,-7.811442395,-1.243780514,-0.684929275,-2.267426498,-2.191174965,-2.038586521,-1.992406872,-1.997295068,-2.007203374
Kuwait,KWT,-31.99248064,-151.3331653,-49.81446206,-15.80958709,-9.290278799,-1.912156066,10.95175116,16.93556866,6.875716815,15.15428531,31.60593507,28.65289683,19.16399911,17.05575375,21.90328213,43.17133965,31.82692717,37.36794324,20.15239214,27.50640283,25.94435729,33.24659828,32.48324305,33.7782713,21.50111301,4.500015926,0.838095927,1.773249732,6.507617211,2.209694468,-11.68204372,-0.344704554,19.05203573,14.0163198,9.471116726,8.18101545,6.211884395,3.679178951,1.858617981
Kyrgyz Republic,KGZ,no data,no data,no data,no data,no data,-13.51701149,-9.095616879,-9.304490651,-11.96466933,-13.52278393,-10.69669466,-6.747459221,-5.900032633,-5.1693277,-4.891663885,-3.789101182,-2.095369146,1.276876611,1.924070328,0.377512204,-5.946895222,-4.70461583,-5.861999576,-3.699422342,-3.068269881,-2.516820407,-5.79019542,-3.732926298,-0.590098958,-0.074065283,-3.062163665,-0.707493454,-0.276894617,-1.77669122,-3.313383308,-3.12385607,-3.196423799,-3.397755174,-3.645383653
Lao P.D.R.,LAO,no data,no data,no data,no data,no data,no data,no data,no data,no data,no data,-3.575557095,-3.682978912,-2.84963731,-3.885364168,-1.810630608,-2.541809089,-1.481897626,-1.123091609,-1.857968543,-3.095611839,-1.46913684,-1.429071373,-2.343219608,-4.030674231,-3.132231383,-5.570364601,-4.852812551,-5.508671605,-4.663208936,-3.345978291,-5.595548091,-1.289501349,-1.632473559,-3.366775437,-3.50264826,-3.371829123,-3.526768013,-2.96602003,-2.945931367
Latvia,LVA,no data,no data,no data,no data,no data,no data,no data,no data,-0.640584962,-3.442980133,-2.501782128,-1.984623564,-2.504744922,-1.591677699,-0.991929047,-1.020113946,-0.456089363,0.593771875,-3.128670411,-6.941018847,-6.426708962,-3.274154577,0.175019461,-0.560897622,-1.681646172,-1.52001777,-0.395142436,-0.821482985,-0.737902183,-0.378482623,-3.715181131,-5.42947863,-3.713793909,-3.684436707,-1.81493789,-1.975806797,-2.038870871,-1.128186661,-0.913034418
Lebanon,LBN,-30.16298689,-19.49887858,-23.97469723,-7.186175794,-29.11165527,-13.64090769,-25.68920098,-24.54952899,-17.27017192,-16.71755423,-23.94479166,-21.02524584,-16.18804921,-13.9671441,-9.832321384,-8.572799885,-10.57243304,-10.92836234,-9.856109566,-8.097662752,-7.466124107,-5.944953178,-8.434469622,-8.823094462,-6.21683951,-7.483924111,-8.883989365,-8.65409875,-11.29959886,-10.38206394,-3.524555904,0.640787529,-4.912407304,-4.525848514,-13.68432964,-2.672802771,-1.53764824,-1.074375372,-2.031749426
Lesotho,LSO,8.777864051,9.740569553,4.653906204,7.55318358,5.694118909,5.131748133,2.113805582,0.266773038,-11.78794169,-15.30211779,-0.948462815,-2.762364685,-2.437457929,0.888895422,6.054826218,4.415688825,11.55269214,9.990314156,8.06552235,-4.210158199,-1.594681003,-9.878576397,4.533476327,-2.573974364,3.126252171,-1.277393415,-9.395411645,-2.049487566,-4.505946458,-5.606120076,-0.010084174,-5.136597378,-7.656112688,0.989020991,-0.411164141,-3.842790295,-3.940583809,-3.345033317,-3.084533961
Liberia,LBR,no data,no data,no data,no data,no data,no data,no data,no data,no data,no data,-0.084947995,-0.977440208,-1.632753056,0.390773916,-0.555287816,-0.553625912,4.424156244,2.444932314,-2.677120813,-1.387399383,1.170950116,-4.428465696,-2.857938267,1.290654127,-4.919731647,-3.736620647,-3.827128343,-7.134009379,-4.70255219,-4.923572391,-4.020186368,-2.50382233,-5.331564724,-2.811226511,-3.314463711,-4.038141032,-4.008762505,-4.123747279,-4.33060837
Libya,LBY,3.355203679,8.413030541,0.106416946,-5.77375354,-2.667015142,3.797005444,11.31864382,-2.10462672,-2.36267493,5.692012581,13.63962052,0.066897304,6.991209281,6.165786701,11.31207359,30.38139426,29.09118549,28.36268475,27.67668882,-5.459464781,11.46864207,-11.45018973,24.61269359,-16.29897561,-30.50778965,-28.49232415,-29.2899323,-11.06177862,9.392683952,11.92969122,-22.27300168,14.82838435,23.16646395,6.087942144,9.317011541,7.931025872,6.906403397,4.532852647,2.454436545
Lithuania,LTU,no data,no data,no data,no data,no data,-4.027877548,-4.24612128,-1.705048174,-5.596197483,-8.28331117,-3.985274189,-3.621424891,-1.796199609,-1.266856014,-1.533644318,-0.504971415,-0.447073428,-0.999299027,-3.269354208,-9.341737194,-6.899187932,-8.931396335,-3.141071102,-2.614627463,-0.664273623,-0.207788324,0.259193514,0.454155197,0.597162804,0.264328749,-7.221254084,-0.987650117,-0.637659607,-1.774679907,-1.399762742,-1.122130355,-1.053013153,-0.970110214,-0.978113891
Luxembourg,LUX,no data,no data,no data,no data,no data,2.713393918,2.369608544,2.655442867,2.982533067,3.242375047,5.551078918,5.62278057,2.030818317,0.275422937,-1.392202006,-0.210839176,1.904000281,4.354594215,3.367401824,-0.213629973,-0.257155794,0.650756371,0.503145533,0.840350427,1.331501623,1.303415425,1.889944688,1.366848952,2.976850096,2.238031702,-3.439009799,0.717428888,0.177710276,-2.825890777,-1.907397711,-1.292495014,-0.759530778,-0.654856791,-0.681434719
Macao SAR,MAC,no data,no data,no data,no data,no data,no data,no data,no data,no data,no data,no data,3.262775588,2.662437534,4.799338179,7.797775496,8.314855876,9.740788976,16.37685713,17.47920199,13.36547112,19.4052243,24.67074879,23.98128248,26.98611334,24.16038859,13.81714812,11.41456066,13.25890965,13.30300454,14.40790543,-21.31254607,-13.25312612,-41.99187236,-10.87086463,11.70942228,12.23942228,12.06942228,13.89942228,13.89942228
Madagascar,MDG,-0.494167309,-4.398129484,-5.003861736,-6.33821748,-7.232908359,-5.087550777,-3.970637581,-1.997251403,-5.307739179,-2.420563572,-2.35253754,-3.614406154,-4.092046062,-3.321644201,-4.232413882,-2.474755887,-5.710995498,-2.307582103,-1.723202612,-2.261323331,-0.760375833,-2.043157171,-2.237311654,-3.402964519,-1.960686063,-2.850272851,-1.107233859,-2.102886554,-1.337842685,-1.42078555,-3.914982585,-2.649913194,-6.412898138,-3.869369881,-3.422777998,-5.105459371,-4.029722593,-4.493835105,-4.115392755
Malawi,MWI,no data,no data,no data,no data,no data,no data,no data,no data,no data,no data,no data,no data,-4.46951067,-2.602409801,-2.612929713,-1.629495765,-0.048299869,-2.556166712,-2.924176008,-2.968777618,0.625491058,-2.849799059,-1.45384004,-3.727255632,-3.08256259,-4.168907772,-4.902310666,-5.150079746,-4.345596131,-4.549471994,-8.182709703,-8.607283837,-9.343555902,-6.789683522,-8.022278955,-7.534746018,-4.990584552,-4.342441403,-3.021681299
Malaysia,MYS,0.149006252,1.601570994,1.80547431,3.439744485,5.448558356,3.102752362,3.269790264,4.840118079,-0.627248857,-3.002698643,-6.052531378,-4.360678479,-3.959800368,-4.596958967,-3.35346367,-2.832840099,-2.601963366,-2.57083038,-3.404737749,-5.879790486,-4.319070489,-3.567623431,-3.102877242,-3.478227832,-2.62843747,-2.545884366,-2.602873756,-2.411829165,-2.64466841,-2.00979945,-4.89732039,-5.75858436,-5.879398615,-4.689643125,-4.355591975,-4.30821403,-4.282388242,-4.309441941,-4.240279194
Maldives,MDV,-12.76722362,-10.22048926,-12.60424043,-13.88751066,-4.815971257,-5.66214705,-2.012827608,-1.461104414,-2.251008989,-3.028205148,-3.892650351,-3.965632671,-3.96736936,-3.44542693,-2.256836087,-7.806721633,-4.523729991,-3.157810014,-9.924864782,-17.93258965,-13.57974728,-8.130091872,-6.90515655,-3.48684103,-2.418189574,-6.547765606,-9.997560968,-3.06062117,-5.26968161,-6.678973724,-23.48293832,-13.78202738,-11.95495825,-8.607639287,-8.585788231,-5.71093193,-4.833249799,-4.437347837,-3.659188352
Mali,MLI,no data,no data,no data,no data,no data,no data,no data,no data,no data,no data,-2.642545499,-2.798265618,-3.094188867,-1.187494832,-2.359850541,-2.764112925,27.78299183,-2.784249125,-1.970106215,-3.706542965,-2.567534563,-3.416808715,-0.956306003,-2.371998729,-2.886461117,-1.821700512,-3.945064569,-2.861609434,-4.742060674,-1.6840023,-5.373277552,-4.797729175,-4.786486007,-4.849,-4.449,-3.749,-3.049,-3.025,-3
Malta,MLT,no data,no data,no data,no data,no data,no data,no data,no data,no data,no data,-5.804955424,-6.49114747,-5.647092589,-9.08820889,-4.38153106,-2.608904816,-2.50971543,-2.134612904,-4.12986034,-3.17589946,-2.316674599,-2.378477422,-3.393324154,-2.334994263,-1.69807166,-1.042342931,1.113732588,3.289882368,1.97561734,0.497703703,-9.530656183,-7.688020557,-5.673212502,-5.249084058,-3.923229043,-3.460419192,-2.879636141,-2.200783908,-1.551434836
Marshall Islands,MHL,no data,no data,no data,no data,no data,no data,no data,7.900973687,13.52840254,9.008486243,7.848921037,7.844854558,5.123096404,10.54269128,-1.597540233,-22.32901572,0.236025486,0.266695199,3.70071549,1.518246542,3.529082157,2.136446862,-0.76403412,-0.231427711,3.205377523,2.819183619,3.893643036,4.391667905,2.559504472,-1.811813474,2.551605169,0.182127979,0.661238321,0.077865346,0.155011457,-1.019169319,-1.380591686,-1.532412471,-1.935100192
Mauritania,MRT,no data,no data,no data,no data,no data,no data,no data,no data,no data,no data,no data,no data,no data,no data,-3.055823926,-3.157998999,2.049594643,-1.381907798,-3.321092557,-3.591920274,-0.450843019,0.074445315,1.665969653,-0.661569499,-2.639528711,-2.442532221,0.132042365,0.530741098,3.226516929,2.591568254,2.7357814,2.397182634,-2.989035083,-2.654246764,-1.073062824,0.272634638,2.060106257,3.025010483,4.064811408
Mauritius,MUS,no data,no data,no data,no data,no data,no data,no data,no data,no data,no data,-4.398094353,-5.528946269,-5.182006036,-4.816056183,-4.341943554,-4.441795662,-4.143940733,-3.087371608,-2.662217861,-3.407317218,-3.066098564,-3.087805075,-1.784643381,-3.397712308,-3.132256445,-3.586653612,-2.812206783,-1.659895826,-2.187594366,-7.533572411,-10.63082016,-4.44653557,-3.49991293,-5.321113094,-5.994143815,-4.956586267,-4.90272352,-4.74108054,-4.826158643
Mexico,MEX,-3.11079756,1.491744774,2.259255307,-1.514245784,-2.254819335,-2.277885415,-3.655445427,-3.476322636,-4.491422743,-4.489359476,-2.685229696,-2.572843125,-2.181311588,-2.244053271,-1.346255606,-1.433870682,-1.225888789,-1.458330689,-0.681300502,-3.935327109,-3.803803611,-3.204127672,-3.565958146,-3.559061935,-4.371295043,-3.858790579,-2.681408977,-1.034048205,-2.138586139,-2.264063486,-4.291333389,-3.758144678,-4.325609801,-3.9,-5.4,-2.6,-2.655587922,-2.669445127,-2.66647894
"Micronesia, Fed. States of",FSM,no data,no data,no data,no data,no data,-0.451345757,2.362225061,2.628269616,-3.278397609,-5.183374328,-3.479210154,-5.447198777,7.135078721,2.591036113,-15.30447096,-5.559270022,-5.359328269,-3.495728139,-1.540813471,1.858259995,0.456787698,-0.842970727,0.68416324,2.862943936,11.16226897,10.45781627,7.255712822,14.45256178,24.22500528,18.4433379,6.106075774,4.516170621,8.567561508,2.922715007,-4.596627715,-4.915990502,-5.057623394,-5.098126664,-5.072223407
Moldova,MDA,no data,no data,no data,no data,no data,-2.583014839,-7.42327153,-7.470582793,-1.521632104,-2.639090816,-3.546063797,-0.344750246,-1.178997491,0.469967723,0.592848783,1.440722637,-0.418723607,0.148232521,-0.870607993,-6.382820742,-2.178254279,-2.049645065,-1.930739998,-1.565176163,-1.585012059,-1.942798789,-1.546563908,-0.650370778,-0.853156452,-1.465507184,-5.316879851,-2.617000941,-3.227026288,-6.000010461,-4.599996188,-3.800011535,-3.40001117,-3.100007215,-2.62628794
Mongolia,MNG,-9.366584098,-6.365786559,-8.102580371,-13.34168368,-9.736635528,-4.967950528,-6.882958371,-8.093351526,-12.33694186,-9.907976469,-5.821111521,-4.327369882,-4.735704319,-3.382272171,-1.617960767,2.434672767,7.584876247,2.638636445,-4.521413161,-5.198800741,0.425427469,-4.013807892,-6.243683982,-0.927077628,-3.725394185,-5.042965886,-15.29496044,-3.716047369,2.85428534,1.002708299,-9.240418933,-3.045435985,0.655747037,-0.737272073,-2.831997018,-2.508644852,-2.623690947,-2.620980106,-2.448752804
Montenegro,MNE,no data,no data,no data,no data,no data,no data,no data,no data,no data,no data,no data,no data,-1.439235163,-4.049843664,-2.449932467,-1.414348335,4.331084795,8.431067607,-2.295634015,-6.712356986,-4.869467081,-6.733921677,-5.843168308,-4.490777291,-0.698126512,-5.960591344,-6.178044945,-6.811979929,-6.213197641,-1.768113566,-10.933781,-1.707677906,-4.171935007,-1.696899093,-4.991136961,-5.400518607,-5.928494495,-6.218139868,-6.810786039
Montserrat,MSR,no data,no data,no data,no data,no data,no data,no data,no data,no data,no data,4.936108821,3.494124923,5.541608554,17.3616716,1.703855007,-13.64869961,-2.852404191,-4.901878211,-8.68739209,3.658750546,2.256004804,7.655710797,-6.958503142,-17.32651291,-6.372936508,18.83373166,-0.376064867,1.172987613,-6.42407113,-13.05574362,-4.980885368,1.5015488,-1.0122495,-0.639975408,-0.149465044,-0.396830852,-0.184357271,-0.163995732,-0.178031751
Morocco,MAR,-1.324269609,-0.896333406,-1.844340713,-2.001067286,-2.511106856,-2.539229656,0.867535045,1.498731493,1.470155454,3.205616955,-1.973310536,-3.789964366,-4.368704042,-3.744922526,-3.313372105,-5.455136196,-1.800354775,-0.116219776,0.625906236,-1.629220185,-3.932269612,-6.075340113,-6.63175957,-4.701752725,-4.779650388,-4.514418738,-4.426138532,-3.232984738,-3.430638442,-3.550941334,-7.147093658,-5.985440773,-5.221347604,-4.900989652,-4.21841372,-3.784546288,-3.482661687,-3.257981375,-3.034526109
Mozambique,MOZ,-4.416018221,-2.129700691,-1.961515954,-2.672602794,-4.232391781,-2.593603621,-2.166132513,-1.896374187,-1.133759959,-0.33013923,-1.32087958,-4.641006356,-3.52665375,-2.752631695,-3.295001073,-2.137278973,-3.143739042,-2.266422394,-1.952715015,-4.473814401,-3.497774602,-4.407618275,-3.520912838,-2.495872917,-9.897563624,-6.660678468,-5.119903257,-1.993068113,-5.58560048,1.723710868,-5.381764001,-3.569315772,-5.033330926,-2.830649757,-2.192283125,-1.032054218,-0.495255055,0.665648229,2.141033105
Myanmar,MMR,no data,no data,no data,no data,no data,no data,no data,no data,-4.954262117,-4.514511042,-5.982164361,-6.248183761,-3.991455986,-4.198882189,-4.559616254,-3.487725861,-3.439268105,-3.532001781,-2.764087929,-3.547136883,-5.315798837,-4.766836261,-2.804732012,-1.747920406,-1.315294769,-2.783192624,-3.867961198,-2.857958975,-3.402407608,-3.906548133,-5.610086861,-11.01604915,-5.140021992,-4.452312785,-4.641317952,-4.603356554,-4.182124442,-3.664418809,-3.388283817
Namibia,NAM,1.075115877,-1.586913078,-2.54625153,-2.725765976,-0.568459734,-1.744218339,-3.702327306,-2.380530732,-2.759241798,-1.878563588,-0.788247522,-2.014083702,-1.378490339,-4.474067409,-2.671548153,-0.309143184,3.409772841,6.006546384,3.480378127,-0.404866804,-4.980934531,-7.086965568,-3.101709707,-4.689866598,-6.443662373,-8.301099948,-9.303132158,-4.993985841,-5.094105573,-5.49147512,-8.070297896,-8.720904283,-6.549471282,-4.165012718,-4.006475689,-3.715393652,-3.430720724,-3.267540581,-3.226045049
Nauru,NRU,no data,no data,no data,no data,no data,no data,no data,no data,no data,no data,no data,no data,no data,no data,no data,no data,no data,no data,no data,0.367481421,0.092715545,2.733101584,8.115583372,1.710948037,29.56187056,10.74096848,22.0422415,18.55141672,32.15293255,28.30814197,32.71757553,40.07331253,25.98312092,17.80040173,13.33866112,13.87106245,12.3759458,10.83460871,8.972468138
Nepal,NPL,no data,no data,no data,no data,no data,no data,no data,no data,no data,no data,-1.480713899,-2.353723947,-2.464240389,-0.338181944,-0.143842389,0.244951893,0.235324891,-0.671348356,-0.290919442,-2.237437513,-0.671926368,-0.716738481,-1.165835575,1.57395432,1.347233272,0.577216037,1.167935425,-2.689062614,-5.83336515,-4.987098235,-5.36391864,-3.979370493,-3.150218329,-5.875251321,-4.942383461,-4.330143914,-3.863505865,-3.332958541,-2.858145044
Netherlands,NLD,-4.08309537,-2.055636862,-3.126565697,-3.139122005,-3.539703624,-8.748676213,-1.840261153,-1.600071536,-1.375112543,0.235779897,1.187149757,-0.43807496,-2.024995161,-3.089838342,-1.786746674,-0.471424967,-0.032674931,-0.231923381,0.124691362,-5.216678776,-5.339595455,-4.442161944,-3.931751424,-2.956713699,-2.253856692,-1.943600654,0.12691699,1.371137959,1.502350815,1.79914028,-3.71461213,-2.343131703,-0.147723278,-2.073050302,-1.938990888,-2.039596348,-2.200744267,-2.410939915,-2.534922739
New Zealand,NZL,-2.738702386,-6.150621082,-6.273835381,-1.532088648,1.987794789,3.690470558,2.570368901,1.230273396,-0.48393749,-1.119530337,0.164981879,1.281094566,2.545890176,3.678542973,4.487759368,5.125227783,4.614383802,3.591453216,1.467207215,-1.822019544,-5.52972525,-4.971256333,-2.199211822,-1.291703022,-0.33912798,0.36242971,0.975345486,1.35546639,1.267900353,-2.508865304,-4.362987166,-3.545247456,-3.535005746,-3.411166313,-3.531353933,-2.222876331,-1.282540898,-0.449513733,0.017054567
Nicaragua,NIC,no data,no data,no data,no data,no data,no data,no data,no data,no data,no data,2.153925777,0.340528837,2.068782853,1.296053106,1.694838845,1.715671021,1.037551967,1.323845989,-0.40461622,-1.475677905,-0.129764167,-0.060518631,-0.149397954,-0.722540093,-1.240885629,-1.549512355,-1.834614564,-1.632615081,-3.001860771,-0.261320145,-2.348164607,-1.173922861,0.845693561,0.764875969,0.431553664,0.375240223,0.421789323,0.414233256,0.400415458
Niger,NER,no data,no data,no data,no data,no data,-3.187751328,-0.360475054,-2.387364613,-2.231274026,-4.274022437,-2.828269088,-2.587942768,-2.213222471,-2.174764882,-2.7635914,-1.527615981,31.04509167,-0.746668268,1.11080167,-3.926786258,-0.985197804,-2.193744972,-0.830159875,-1.932357667,-6.124642974,-6.746851709,-4.463526077,-4.116706327,-3.007968636,-3.558157224,-4.816395434,-5.90542904,-6.776352816,-4.861619353,-4.1,-2.993504414,-2.997482131,-2.976497602,-2.964578112
Nigeria,NGE,-0.671176415,-1.662685198,1.326477091,-8.554766999,-4.165606738,3.550315156,4.748212483,1.599203981,-4.892000471,-1.95844854,4.065055724,-3.221992192,1.342477322,-2.195152295,5.488352319,4.90767945,8.759047318,-1.116384672,5.696888121,-5.325943344,-4.171479473,0.43193658,-0.128617281,-2.662054428,-2.428819843,-3.798620132,-4.643867071,-5.414891887,-4.314982805,-4.690390206,-5.580140573,-6.028977518,-5.603293525,-5.351671094,-4.51165678,-4.53315874,-4.706945301,-5.009380591,-5.275263219
North Macedonia ,NGA,no data,no data,no data,no data,no data,no data,no data,-0.35944607,-1.627108937,0.027719895,2.374911692,-5.882148174,-5.241777265,-0.07222778,0.374057385,0.213175372,-0.507712308,0.577298374,-0.928438863,-2.627694623,-2.410718573,-2.473792833,-3.80691789,-3.8360919,-4.194977172,-3.475241254,-2.701775741,-2.733511728,-1.755243411,-1.967855426,-8.048362492,-5.383439777,-4.461552573,-4.745683406,-3.423136647,-2.99743645,-2.911008142,-2.834038711,-2.656529481
Norway,NOR,1.954299025,-0.118882445,-2.065565195,-1.643094446,0.041252456,2.961094771,6.007766543,7.352170523,3.065583718,5.714814956,15.04639753,13.17315468,9.026912467,7.204570671,10.8347692,14.72085158,17.88147813,17.03772688,18.53090034,10.19452296,10.87143345,13.27289764,13.67953892,10.60839682,8.571983413,5.987477409,4.03240015,4.953833811,7.813719303,6.522495813,-2.574608379,9.973157052,25.34504632,15.14339171,14.44272835,13.05912208,12.04986944,10.89530754,9.789833492
Oman,OMN,4.776741912,0.116251674,-4.850235267,-6.836058055,-7.465259789,-3.899660921,2.218175207,4.772836992,-4.370520118,0.303150385,12.16018858,7.545100949,5.3136,5.919615812,5.430009892,11.20937704,12.2264204,10.48921109,14.65579961,-0.270653359,4.945638423,8.238659074,4.073352343,2.777717489,-1.576854715,-13.47189542,-19.61770367,-10.45923864,-6.719297407,-4.830053833,-15.67329272,-3.134485096,7.444150081,6.2490365,5.869933671,4.073737375,3.682125324,3.263285413,1.945861557
Pakistan,PAK,no data,no data,no data,-5.52614301,-3.626948966,-3.897553215,-4.333351407,-3.865333416,-4.462247486,-3.068712985,-3.212219708,-2.454799642,-2.636947177,-0.117873661,-1.291344694,-2.287291954,-2.786273318,-4.234394013,-5.937865621,-4.530808398,-5.415242806,-6.233850944,-7.743195135,-7.481025306,-4.36889549,-4.738768443,-3.923260741,-5.171266447,-5.673293644,-7.789131389,-7.031588643,-6.041185628,-7.827653509,-8.06232633,-7.600022695,-6.889804914,-5.420850889,-4.797349321,-4.354277427
Palau,PLW,no data,no data,no data,no data,no data,no data,no data,no data,no data,no data,-13.42592296,-16.67885007,-12.69604934,-3.165458035,-4.813157694,1.38174861,0.142995935,-2.076794507,-1.702957152,-2.134797647,-1.273445905,1.285196005,0.981820202,0.544191762,3.590390184,5.078443907,3.514998203,4.754195131,6.176542897,-1.664899335,-16.08414437,-10.34021466,-3.57148202,-0.501604859,3.3386991,2.057488064,1.795239207,1.262174074,0.832675087
Panama,PAN,no data,no data,no data,no data,-3.182840835,-2.57203395,1.571937411,-0.751555915,-2.507922183,-0.923440633,-0.544398752,-2.086733598,-2.950903886,-4.219562853,-4.390187059,-2.348735439,0.458547469,3.087883391,0.372248207,-0.850874666,-1.652829045,-1.798796278,-1.356562419,-2.148301745,-3.016634348,-2.336086759,-1.905557322,-2.087796326,-3.081606849,-3.26163356,-9.985379609,-6.36976035,-3.927610837,-3.103687288,-2.034848407,-1.499829335,-1.53856152,-1.526246893,-1.485525104
Papua New Guinea,PNG,-2.035210175,-0.622997313,-4.332955731,-4.904576711,-1.00921829,1.077478842,2.05453547,0.672905271,-0.164736521,-1.936498923,0.303521225,-1.329111155,-1.749991285,0.187883002,2.025059805,2.849152348,5.337371913,6.899333849,2.734141083,-5.482534833,3.062360766,2.215389454,-1.189962176,-6.869731618,-6.265024183,-4.549721477,-4.74622004,-2.47470941,-2.579697116,-4.431341424,-8.85232886,-6.791822486,-5.271987077,-4.439605732,-3.960433098,-2.464521618,-1.435540821,-0.184152414,-0.024968447
Paraguay,PRY,8.135817165,3.410529309,3.001687502,4.399182129,4.871144365,3.15006038,2.66893573,3.207508871,4.257148273,2.696170829,-0.410659566,0.286484357,-1.856663582,-0.013196598,0.851638893,0.957654465,1.66976586,1.605109818,2.225387447,-0.389268551,0.531161671,1.446613687,-1.20832135,-1.068227969,-0.551439749,-1.813703262,-0.396735787,-0.881853505,-1.540551642,-3.749670427,-7.069387496,-5.979145936,-3.771455785,-4.242749862,-2.153485453,-1.373534937,-1.069627535,-1.124635927,-1.045331585
Peru,PER,no data,no data,no data,no data,no data,no data,no data,no data,no data,no data,-2.115749849,-2.153764492,-1.403800951,-1.622006561,-1.032734878,-0.435681849,2.02912779,3.348358349,2.482128307,-1.384947717,0.122057796,2.012490456,2.049757507,0.733362153,-0.227397746,-2.115365847,-2.239407736,-2.913318463,-1.986817177,-1.355740515,-9.011646225,-2.546270469,-1.401419149,-2.209107476,-1.792549893,-1.171123854,-0.478938681,-0.237611696,-0.23849628
Philippines,PHL,-1.521887672,-0.261848909,-0.434115567,0.628617553,-0.444680686,-0.016032423,0.537036155,0.367057702,-1.308515891,-2.287514488,-3.273769477,-3.494121809,-3.706824254,-3.491060452,-2.807019248,-1.624638178,-0.046357841,-0.284924301,0.016475724,-2.568889507,-2.253638815,-0.377085013,-0.219096168,0.371498093,1.323162884,0.145077013,-0.744077117,-0.751565458,-1.483664649,-1.502093882,-5.544303363,-6.231035532,-5.476803871,-4.829590127,-4.29779219,-3.926501804,-3.435189234,-2.723507923,-2.346083324
Poland,POL,no data,no data,no data,no data,no data,-4.405712756,-4.855456919,-4.621967659,-4.267365118,-2.30683638,-4.008516013,-4.74417019,-4.817610238,-6.036106149,-5.007643945,-3.938344548,-3.539422912,-1.882521896,-3.606117998,-7.252035222,-7.465237485,-5.004309877,-3.815931248,-4.268136328,-3.668719862,-2.600048063,-2.39905474,-1.492424326,-0.249531332,-0.743284289,-6.922914237,-1.831640692,-3.740281321,-5.26607716,-4.712347025,-4.634491652,-4.820295231,-4.474217021,-4.023597756
Portugal,PRT,-6.82427231,-7.930072058,-5.194257254,-8.058303123,-7.368746823,-5.143251719,-4.63208573,-3.653751702,-4.304319401,-2.987556363,-3.397745582,-4.783294581,-3.781790365,-5.615696957,-5.969328413,-6.106454825,-4.086885993,-2.935818431,-3.699495485,-9.872566077,-11.3984237,-7.663254517,-6.179840709,-5.104570705,-7.309021997,-4.346283414,-1.935011995,-2.956001901,-0.349003481,0.082551719,-5.827398728,-2.894392364,-0.394740527,-0.244722787,-0.05468322,-0.248062272,-0.244651192,-0.23351365,-0.234270216
Puerto Rico,PRI,no data,no data,no data,no data,no data,no data,no data,no data,no data,no data,no data,no data,no data,no data,no data,no data,no data,no data,no data,no data,no data,no data,no data,no data,-3.072553487,-2.116274048,-1.843939494,-1.075604996,0.024762773,1.898673972,-0.551349253,-0.257214201,1.771045664,0.329320663,0.211685699,0.25471445,0.243918001,0.362128557,0.994176863
Qatar,QAT,3.226321144,-2.569254883,-2.736188336,-9.527796864,-11.80037732,-5.778996823,-8.728482968,-9.403828544,-7.00064473,-4.352842522,4.621880259,4.480566346,7.890903742,6.710575951,18.30565996,10.61136374,9.238353555,11.1530466,10.2571224,16.13115205,7.0823503,7.324421515,10.52249087,21.55652252,15.40217954,21.65567416,-4.894773531,-2.563357212,5.858483743,4.843831827,1.272089751,4.332380968,13.50957629,10.76040623,10.12865874,9.156344386,9.026760026,9.023393978,8.809265591
Romania,ROM,1.027002958,3.229649265,-4.552457333,-0.34982198,-2.19957437,-3.320022929,-4.738327069,-5.187122268,-5.329424962,-3.578793464,-3.988470827,-3.201223514,-2.594812818,-2.286232983,-3.393431562,-0.690414795,-1.359979181,-3.046269936,-4.604743749,-6.858105868,-6.2210701,-4.059422009,-2.384910104,-2.439336498,-1.982260173,-1.346754872,-2.496565556,-2.856136158,-2.739325901,-4.556570399,-9.564297447,-6.731894378,-5.776759719,-6.271455535,-6.010616365,-5.949312999,-5.664507176,-5.627597248,-5.457112179
Russian Federation,RUS,no data,no data,no data,no data,no data,no data,no data,no data,-7.42350776,-3.586600528,3.107075867,2.991244534,0.672593623,1.350124439,4.57475069,7.596959645,7.803539032,5.585366969,4.5494902,-5.888910069,-3.193876296,1.431818865,0.382340787,-1.162177877,-1.069956332,-3.386423807,-3.670080744,-1.468925155,2.923323248,1.929614932,-3.988750719,0.772986434,-1.355052184,-3.68416442,-2.553366735,-1.318307423,-0.602884307,-0.114112208,0.253900053
Rwanda,RWA,no data,no data,-7.207319365,-6.602173275,-9.544827553,-2.040704146,-5.005908368,-2.22081567,-2.590581148,-4.413148341,-0.218411963,-1.801320321,-2.031721925,-1.232678261,2.274462099,1.124332728,-0.029012676,-1.555002201,0.82537213,0.259063566,-0.638515822,-0.86029112,-2.380764999,-1.26931866,-3.915619119,-2.680722157,-2.269762306,-2.516651162,-2.573162299,-5.079108292,-9.544027031,-7.00795601,-5.762206103,-5.020286616,-7.335361225,-4.032841804,-3.251709665,-3.289531786,-3.281434442
Saint Kitts and Nevis,KNA,0.620274026,0.918839655,0.4984454,0.243652677,0.790926959,0.898709185,-2.266621331,-2.201997838,-4.863193364,-11.00468204,-13.3344475,-10.86559088,-11.71321964,-5.712968679,-6.597864011,-3.527233254,-1.260526886,-2.857707394,-2.22634439,-1.226578359,-4.145427973,1.597049271,4.318755137,10.93135282,8.515988499,5.619880429,3.763339776,0.54003763,1.150761843,-0.701905702,-3.056800524,5.622330081,-3.254317521,4.513038503,2.874670959,1.448424783,0.091074336,-1.501573385,-3.816836303
Saint Lucia,LCA,0.292454413,-0.429524538,-0.662484852,-0.256562828,-0.018287029,-0.133860389,-0.576075342,-1.125744878,2.247129974,1.617414428,-1.158322319,-3.078445985,-3.099702843,-3.233609237,-2.62638769,-6.179888037,-5.06783952,-1.6204805,-0.716608065,-2.665859137,-4.223651311,-5.375328609,-7.619111432,-4.839701667,-3.082005609,-2.353065836,-1.375333878,-2.2271216,-1.042822499,-3.498494508,-12.10812061,-5.779684513,-1.48067471,-2.164327193,-2.410222876,-2.311723337,-2.215419164,-2.314017211,-2.412539622
Saint Vincent and the Grenadines,VCT,1.683025308,-0.471409656,-3.242997438,-1.458885462,0.121055269,1.082070902,1.56378844,-2.765544837,-1.802718596,-1.923549374,-0.815609926,-1.595261441,-1.998614399,-2.505463574,-2.708399864,-4.298840104,-3.123214449,-3.06918983,-1.293227218,-2.85101525,-3.694947267,-3.497322878,-1.809700229,-5.817263254,-2.821180178,-2.010966062,1.070117688,-0.421156177,-0.265861246,-2.078189206,-4.69795273,-7.320545431,-9.394108568,-7.616823916,-6.901505104,-3.867349498,0.266274791,0.96359996,1.000543163
Samoa,WSM,no data,no data,-9.886471171,-13.16893174,-9.50510721,-5.824336068,1.213302525,1.92116302,1.636844336,0.273706649,-0.615865674,-1.957433036,-1.769534564,-0.511825802,-0.743014104,0.23099367,-0.443980795,0.54579857,-0.355701697,-2.982327154,-5.486400401,-5.249944525,-7.430189915,-3.816505606,-5.376180661,-3.787033132,-0.346326636,-1.976751079,0.056895273,1.507025561,5.407900346,1.744569342,5.369313039,-0.340397276,-2.313710287,-2.333842169,-2.396933427,-2.381328012,-2.38421667
San Marino,SMR,no data,no data,no data,no data,no data,no data,no data,no data,no data,no data,no data,no data,no data,no data,2.444832111,3.583093556,1.506742088,1.825315798,0.176208428,-2.460579123,-2.238409212,-4.049455372,-7.079258601,-7.740702798,1.064454676,-3.323752453,-0.185220061,-3.48601902,-1.555799792,-0.10801267,-37.59204728,-16.4177826,-0.401127075,-2.743008566,-1.75312061,-1.549141899,-1.383876641,-1.214910835,-0.411954105
Saudi Arabia,SAU,no data,-3.281245456,-8.121037408,-9.32696073,-8.311637003,-5.122759957,-3.246767454,-2.505743872,-8.875226196,-5.991359409,3.184129026,-3.905925288,-5.906981912,1.198600726,9.717876416,17.98692203,20.82287453,11.78359639,29.80190208,-5.383449432,4.391633324,11.46185772,11.83847399,5.584524323,-3.494608788,-15.47848933,-13.65616306,-8.887454223,-5.453794057,-4.202574556,-10.67992176,-2.254913579,2.504280317,-0.26700591,0.268648525,0.458519113,0.733791363,1.005441223,0.629165271
Senegal,SEN,no data,no data,no data,no data,5.903216209,2.407289396,0.921537013,0.980116506,0.92713551,-0.615476591,0.781855161,-1.44136481,0.190711366,-0.51617328,0.184422381,-0.263032543,-3.66518227,-2.797821263,-3.53109852,-3.66282914,-3.937663912,-4.924469194,-4.184508792,-4.335438181,-3.896273247,-3.663397441,-3.27210404,-2.968032331,-3.662685396,-3.85305128,-6.404580523,-6.313997103,-6.629940973,-4.98341487,-3.900033416,-3.347266606,-2.576265795,-2.379599735,-3.037023415
Serbia,SRB,no data,no data,no data,no data,no data,no data,no data,no data,no data,no data,-0.158000179,0.340957161,-2.438198607,-2.502845978,0.06270371,1.044527918,-0.927731032,-0.833899512,-4.413344544,-3.433188847,-3.484937697,-3.905057207,-6.359644356,-4.992577701,-5.852923722,-3.379494879,-1.119070093,1.369755969,0.811166235,-0.004562657,-7.239289154,-3.30961671,-0.148496217,-1.818256403,-1.825270196,-1.135073725,-1.21506777,-1.128160339,-1.163408879
Seychelles,SYC,11.91093488,3.151355992,6.442463533,-3.623472878,-6.946631292,-2.579666956,-9.692399408,-5.90575523,-16.66999719,-10.26410073,-14.74018922,-8.926857033,-16.26043339,3.396319127,0.437431056,0.421896442,-2.537627704,-9.929429303,7.881928947,4.838695709,0.521485308,3.427776003,2.889706472,0.368373179,3.549957389,1.792964738,0.186563336,0.439961266,-0.455467821,1.2298564,-14.86786131,-5.373961645,-1.227321242,-1.125657315,-1.250038978,-0.691458495,0.09422559,0.633671763,0.946806687
Sierra Leone,SLE,no data,no data,no data,no data,no data,no data,no data,no data,no data,no data,-3.093923745,-5.12506879,-4.819744828,-4.472960486,-2.36693427,-1.937054575,-1.552072552,20.08958458,-3.465902292,-2.334521466,-5.002354865,-4.541477631,-5.157889627,-2.390065904,-3.605498264,-4.548114767,-8.459578329,-8.782179224,-5.5898741,-3.124518417,-5.759145539,-7.316043083,-10.58882889,-5.429988352,-2.850540866,-2.621388788,-2.813150469,-2.527386317,-4.822450023
Singapore,SGP,1.965814016,0.681668507,2.701406574,4.356950718,7.904685911,4.803523194,1.982856985,5.663036098,2.413933157,5.203832731,4.592846764,1.196592559,2.232090069,0.678051636,2.059766049,2.555514611,2.159889319,7.120218448,3.589224189,-0.093743484,5.684105968,7.961742097,7.335980767,5.962658223,4.599607634,2.861575357,3.259918781,5.2495144,3.680215955,3.765506644,-6.771668846,1.172792001,0.842151709,3.217860647,2.786239102,3.379911492,2.876526011,2.793855365,2.671777589
Slovak Republic,SVK,no data,no data,no data,no data,no data,-3.473342878,-9.815730949,-6.266304659,-5.297077746,-7.173019399,-12.63095723,-7.220592686,-8.22057622,-3.120095469,-2.314229283,-2.874284945,-3.578512954,-2.05039952,-2.523385197,-8.149402064,-7.472864023,-4.303497349,-4.351834502,-2.877865885,-3.104073761,-2.665052542,-2.574410695,-0.979686996,-1.01085065,-1.219127337,-5.357666483,-5.430537641,-2.003330817,-5.495312085,-4.41248869,-4.405808404,-4.481451251,-4.0092787,-3.936877255
Slovenia,SVN,no data,no data,no data,no data,no data,-8.144269374,-1.093247059,-2.306941784,-2.326111596,-2.971567227,-3.645023895,-4.450602193,-2.374238808,-2.594745699,-1.941132611,-1.324123434,-1.231001929,-0.049039873,-1.393777834,-5.813007345,-5.599784402,-6.629230462,-3.99467083,-14.57852709,-5.507210178,-2.847428486,-1.919234878,-0.053009325,0.743521165,0.71528108,-7.648225419,-4.609899233,-3.118408789,-3.531046853,-2.742247814,-2.253176637,-1.883552349,-1.706386402,-1.664169681
Solomon Islands,SLB,-0.051133164,-0.83503931,4.184183119,2.170107539,4.556439598,3.297063826,3.975317931,2.136328644,5.039666907,-0.322124676,-2.929148373,-2.396105951,-4.349629168,10.56075525,17.03199937,13.38959663,12.95977764,15.31126839,1.937954879,2.350781773,6.016513718,6.224762411,4.601247879,3.720572014,2.336964104,1.189287078,-3.155454386,-0.908834621,1.487511066,-1.524066438,-2.437903397,-3.609366645,-4.120180089,-6.328773051,-4.493007359,-3.347960762,-3.288818403,-3.302994026,-3.280087928
South Africa,ZAF,no data,no data,no data,no data,no data,no data,no data,no data,no data,no data,-1.382775207,-1.015463634,-0.958147438,-1.588173289,-1.043936763,-0.103158993,0.815104757,1.218769749,-0.485690261,-4.668769617,-4.520303042,-3.704964813,-4.037954565,-3.905114742,-3.924273151,-4.373993778,-3.72499293,-4.015834079,-3.732260077,-4.695937616,-9.611711387,-5.536567217,-4.718210083,-6.35820909,-6.501071008,-6.805089927,-6.471268564,-6.508374531,-6.72869764
"South Sudan, Republic of",SSD,no data,no data,no data,no data,no data,no data,no data,no data,no data,no data,no data,no data,no data,no data,no data,no data,no data,no data,no data,no data,no data,4.570495659,-14.80985657,-3.449580019,-9.175606435,-16.05068244,-18.22670091,6.309151497,-0.945080604,0.041914973,-5.572237035,-9.368433357,5.110108772,8.363750393,4.344749178,2.486828085,2.02472997,1.765956513,1.821299307
Spain,ESP,-3.905180059,-4.584653708,-4.269929251,-6.89839034,-6.322850298,-6.80183734,-5.888375551,-3.866533741,-2.631692888,-1.238329325,-1.16076073,-0.454926083,-0.316722522,-0.375062635,-0.095178588,1.231564543,2.124079644,1.88621705,-4.572251048,-11.27591944,-9.526628377,-9.739575451,-11.55072621,-7.528140636,-6.110450432,-5.308916122,-4.297571831,-3.116408543,-2.593659224,-3.060265128,-10.11599539,-6.786114588,-4.736860478,-3.921257181,-2.956601775,-3.395029177,-3.397094456,-3.397094456,-3.397094456
Sri Lanka,LKA,-6.388579983,-7.972537516,-4.951440056,-5.774540619,-7.405552746,-7.110119594,-6.892287398,-5.710359367,-6.785599896,-5.583949333,-7.777838189,-8.480272856,-6.904441726,-6.152273326,-6.322859786,-5.933252353,-5.913277332,-5.808207168,-5.930205426,-8.327736252,-6.727562636,-6.00943299,-5.439399571,-5.004734167,-5.991644604,-6.638963111,-4.997481459,-5.098197934,-4.955525473,-7.519227906,-12.19022181,-11.6926286,-10.18711615,-8.193806695,-7.124081346,-5.25848464,-4.657966361,-4.137053583,-3.988224967
Sudan,SDN,-16.20748934,-26.47715974,-24.51715076,-8.042200486,-3.032347236,-3.480034403,-2.610483092,-0.590306825,-0.561008989,-0.799562008,-0.69807111,-0.766880761,-0.685290221,0.768410924,0.156031096,-1.875672021,-1.323350301,-2.841968725,0.491470457,-3.795780858,0.110568158,-2.326906372,-7.368441602,-5.760755101,-4.71845162,-3.86940297,-3.918356725,-6.069399218,-7.925464459,-10.81508377,-5.917691892,-0.284569814,-2.524084899,-4.185751125,-2.701778315,-1.424441957,-1.714436524,-1.337167381,-0.114431541
Suriname,SUR,-3.043823914,-9.801106895,-6.452081347,-4.675065383,-1.893992335,1.165631943,3.419868305,-0.322631305,-6.389521271,-4.917722466,-7.758033028,3.489686295,-3.295620289,-0.113881593,-1.202372045,-3.390685089,0.592483553,5.014070644,2.393437521,2.02798447,-0.15373883,2.318833322,-1.967728895,-3.33319624,-4.692043481,-7.554534214,-9.340104802,-7.079092404,-5.249201604,-20.38583897,-12.06857391,-6.575735054,-3.13067414,-0.908388068,-0.371833829,-0.157053651,-0.134219264,-0.144315707,0.012768275
Sweden,SWE,3.707465734,0.305510724,-8.457138966,-10.82439357,-8.729767966,-6.973142582,-3.091031949,-1.54972307,0.845833885,0.633121572,3.136389703,1.406460998,-1.409094128,-1.216326232,0.20203562,1.802847751,2.090452925,3.295236122,1.908856114,-0.848655575,-0.101634747,-0.348694508,-1.124473229,-1.470777893,-1.534363706,0.003074778,0.998815184,1.408555156,0.782759005,0.563943537,-2.771220541,-0.063373066,0.736289674,-0.410542006,-0.632213569,0.17450887,0.41471535,0.441637167,0.4043184
Switzerland,CHE,-0.045809998,-1.846826717,-2.960800333,-3.14507495,-2.592937988,-1.858137261,-2.014286655,-2.333363068,-1.306493837,-1.572703928,0.281951317,0.207479932,-1.745670023,-1.358714846,-1.393193696,-0.646203691,0.846358144,1.575536032,1.934753334,0.497987783,0.354338518,0.6836034,0.235245335,-0.432431317,-0.247041727,0.545693414,0.238308554,1.130151416,1.290096916,1.341144428,-3.015135709,-0.290296395,0.938513801,0.112806829,0.399355858,0.312008157,0.198337052,0.198337052,0.198337052
Syria,SYR,-3.923943039,-6.567016085,-7.25829454,-4.963082017,-5.998987027,-3.808117693,-2.825765679,-1.780653434,-2.811584375,-1.473582943,-1.360531289,2.304742257,-2.022616818,-2.703965785,-4.181969877,-4.408340193,-1.12049164,-2.987197817,-2.864384033,-2.891807655,-7.790031102,no data,no data,no data,no data,no data,no data,no data,no data,no data,no data,no data,no data,no data,no data,no data,no data,no data,no data
S?o Tom? and Pr?ncipe,STP,no data,no data,no data,no data,no data,no data,no data,no data,no data,no data,51.51664024,-13.51966269,-10.42332873,-15.92586519,-25.11516189,26.81209964,17.25823961,125.1352834,13.648089,-18.02415674,-12.11945144,-12.7963349,-12.25689863,2.134129389,-6.274228312,-7.600221303,-5.00639591,-3.107337201,-2.023263233,-0.066199291,2.939859296,-1.515253371,-2.23274701,0.161046892,0.114375131,1.551293484,1.784908506,1.034745178,1.016343494
Taiwan Province of China,TWA,-3.991644659,-9.241877841,-6.788042515,-6.049668557,-6.197684779,-6.756486118,-7.134904987,-7.473442063,-5.235738763,-2.348050565,-5.330334519,-5.587762146,-5.241701446,-4.333123343,-4.622086724,-2.497317357,-2.17880819,-2.222664259,-2.736624735,-6.196160373,-5.092248799,-4.033822232,-4.313609597,-3.242385489,-2.724889841,-1.782374009,-2.192672211,-2.022057404,-1.865887256,-1.7759986,-2.916551022,-2.062925247,-1.713357126,0.326936062,0.256936062,0.186936062,0.116936062,0.046936062,-0.023063938
Tajikistan,TJK,no data,no data,no data,no data,no data,no data,no data,no data,-4.745749415,-4.03175014,-5.554753176,-3.18848011,-2.441323133,-1.762024288,-2.368758614,-2.898959988,1.705167011,2.232457357,1.803957994,-0.309020305,-2.97868327,0.866415803,0.589504209,-0.901501823,0.849356076,-1.972164486,-8.979236295,-5.655703804,-2.693969176,-2.052800576,-4.339408901,-0.66645098,-0.232978857,-2.543823732,-2.455462014,-2.547814382,-2.544847948,-2.458289939,-2.48033364
Tanzania,TZA,no data,0.604511181,-4.958785044,-2.023239438,-3.737071552,-2.117470592,1.570933934,-0.026471672,0.132649965,-1.138976744,-0.730489235,-0.414088584,-0.726687209,-1.774952997,-2.433816886,-3.276093708,-3.383750057,-1.44348043,-1.91719457,-4.46352826,-4.743837971,-3.511364762,-3.996943201,-3.759214945,-2.911427175,-3.168578542,-2.083237999,-1.158023828,-1.931632913,-1.983712618,-2.459626665,-3.428053374,-3.749181343,-3.314802861,-2.580963044,-2.498739792,-2.503478849,-2.52287529,-2.534433334
Thailand,THA,no data,no data,no data,no data,no data,3.054326747,2.749301283,-1.680828895,-6.292091253,-9.017192244,-1.792068001,-1.768093556,-6.722498641,1.978324178,1.105924705,2.17304018,1.866659795,0.219944574,0.801032877,-2.213973862,-1.069704512,0.094141532,-0.860479551,0.515540594,-0.800922331,0.13237768,0.569430053,-0.424881961,0.064059625,-0.815543585,-4.470455916,-7.031040035,-4.554518555,-2.887601188,-2.71867898,-2.809795798,-2.686585274,-2.540729993,-2.395370299
Timor-Leste,TLS,no data,no data,no data,no data,no data,no data,no data,no data,no data,no data,no data,3.241732881,-7.638515609,-8.238382692,-7.479046431,-10.49666494,41.03226233,-29.93206226,-18.56178697,-17.16976525,-19.79332022,-25.3799875,-38.68948585,-14.36740871,-37.52823042,-33.118115,-55.40609168,-33.54495593,-26.76893518,-25.48868706,-18.93601822,-19.47054221,-19.88311602,-36.66059133,-40.08624587,-40.57743427,-41.007801,-41.32302939,-41.44061903
Togo,TGO,-1.646280855,-3.519135946,-2.272374436,-8.459314858,-5.372335618,-2.969339462,-3.259356469,-0.9833922,-3.250921051,-1.755993404,-3.445716841,-0.715579384,-0.280209565,1.434829903,0.609986167,-1.666330644,-1.944883434,-1.832555577,-0.590603997,-2.625934222,-1.661948554,-4.475169962,-4.634768313,-5.082524637,-7.114644512,-7.03576472,-7.024795127,-0.208093757,-0.590559093,1.665950416,-7.047365603,-4.653269026,-8.334690686,-6.578024536,-4.741596894,-3.048707041,-3.006287878,-3.008401764,-3.012714441
Tonga,TON,no data,no data,no data,no data,no data,no data,no data,no data,no data,1.529986106,1.335144217,2.23076916,2.588931746,2.370098448,4.232688514,4.230460743,1.341528361,5.390819687,2.138953438,6.850237425,-1.216934643,-6.023470326,-1.57484881,-1.304146344,6.396568077,-2.751491687,1.468698247,3.575549185,2.925740527,3.164801852,5.378089225,-0.959448171,-0.711028199,0.398696311,-6.759049348,-8.46608573,-9.551418895,-10.61088456,-12.1564597
Trinidad and Tobago,TTO,-1.274291428,-0.211116292,-2.741041716,0.233218723,-0.020458499,0.165928335,-0.450796198,0.113186315,-1.802141646,-0.877424848,0.168212523,0.607141334,-0.199953929,1.802278622,1.840969077,2.362458521,1.555297653,3.118213496,5.392731932,-5.415485587,0.130910074,-0.666578192,-1.272785222,-2.702770938,-4.352113297,-7.660665516,-10.23303314,-10.55666597,-5.87105128,-3.790048889,-12.61431911,-8.191180983,0.31297902,-1.97180967,-1.696554412,-1.302500762,-1.310505331,-1.469307951,-1.54766879
Tunisia,TUN,no data,-5.253202784,-3.451425729,-3.220934886,-2.87101795,-4.527071151,-5.178711222,-3.703689392,-2.837586872,-3.052411347,-3.215021815,-2.874496552,-2.547300189,-2.644189109,-2.100083357,-2.588801834,-2.334445362,-2.466123339,-0.619393262,-2.586913004,-0.456608974,-3.193155753,-4.898624998,-7.047616831,-3.114746175,-4.948556468,-5.868946777,-5.607335273,-4.265326977,-3.602974917,-9.047389307,-7.617565083,-6.645153355,-5.208623434,-3.239778649,-2.422723732,-1.638825278,-1.533024741,-1.576419414
Turkmenistan,TKM,no data,no data,no data,no data,no data,no data,no data,-0.112391371,0.634214281,1.368598498,-0.305434101,0.426714651,0.102151818,2.198512999,0.813183277,0.476738229,3.107744218,2.311716148,5.918200067,4.154392423,1.303028142,2.418570544,5.310895675,1.169202416,0.695477382,-0.566738312,-2.065941341,-2.32182362,-0.180221707,-0.341006183,-0.134869849,0.435007319,2.449824307,0.864692043,0.391438354,0.258773491,0.020304807,-0.235539978,-0.468763429
Tuvalu,TUV,no data,no data,no data,no data,no data,no data,no data,no data,no data,no data,no data,no data,no data,no data,-3.596469069,-12.78290596,-36.82800602,-18.59874417,-17.23123027,-13.51150312,-23.3590233,-8.805362231,9.583548278,26.05260344,3.26182857,14.71987278,27.47506802,2.095193358,30.38533007,-1.06542747,13.88101946,-13.84703009,8.750366801,1.152034404,1.164717486,-3.246394443,-3.805444436,-4.349628784,-4.870061468
"T?rkiye, Republic of",TUR,no data,no data,no data,no data,no data,no data,no data,no data,no data,no data,-8.369958562,-11.66831799,-11.3393584,-7.571834758,-4.121585639,-0.74895477,-0.685448109,-1.926481724,-2.639953132,-5.839281542,-3.401589102,-0.68169647,-1.817412268,-1.458263056,-1.422647354,-1.258540182,-2.337884364,-2.189109764,-3.783721624,-4.748848927,-5.121851374,-3.95358536,-1.651779256,-5.425589153,-3.658125978,-3.260038194,-3.371851305,-3.375812793,-3.442383237
Uganda,UGA,no data,no data,no data,no data,no data,no data,no data,-0.82914947,-0.704580448,-1.23720658,-0.623678685,-0.993817731,-2.068174876,-0.96912042,0.342505422,-0.16996894,-0.637013441,-0.815082587,-1.994766341,-1.609836154,-4.644662136,-2.042710281,-2.385337726,-3.190482822,-2.740455131,-2.508316051,-2.607203539,-3.552071685,-3.02192799,-4.816361399,-7.482166662,-7.487786659,-5.844663648,-4.182731364,-2.749599076,-2.444527551,-2.148398452,-1.066781849,1.194538228
Ukraine,UKR,no data,no data,no data,no data,no data,-4.72142058,-3.093274027,-5.373913832,-2.687960264,4.954458362,-3.186267271,-3.031377244,-1.84119974,-0.893075984,-4.414977932,-2.276962102,-1.364704915,-1.967389628,-3.138849767,-6.271518025,-5.772013794,-2.76155758,-4.307064511,-4.784336315,-4.459976275,-1.159825106,-2.459300115,-2.355066618,-2.123521095,-2.081542005,-5.918002884,-3.967070122,-15.74611413,-19.0828259,-17.826131,-9.606811029,-5.282727291,-3.816007227,-2.036481268
United Arab Emirates,ARE,no data,3.890170445,3.337217598,-2.885747835,-1.783644188,3.582603649,0.916731715,6.711355502,0.995933005,1.306052278,10.66035757,1.205320945,-1.237839317,2.351605961,6.400208212,15.98714404,20.15002895,17.12593107,17.6379329,-6.126634178,0.531696289,5.165950957,8.770936922,8.182847618,1.78883925,-6.555079795,-3.051305454,-0.164332734,3.769505801,2.590181227,-2.468289203,4.032642383,9.888664306,5.054526951,4.357694191,3.892324044,3.665602342,3.444582627,3.085456199
United Kingdom,GBR,-1.386574209,-2.647223225,-5.45263483,-6.661296118,-5.730149424,-4.957700184,-3.531381892,-1.974837308,-0.306406518,0.62979457,1.349506831,0.215572376,-1.869468702,-3.103260762,-3.040758036,-3.11350823,-2.752307282,-2.644469631,-5.1080523,-10.01964067,-9.194352948,-7.459570932,-7.605468232,-5.501106438,-5.536638668,-4.540764748,-3.331597866,-2.36646574,-2.176220561,-2.226150715,-13.00738436,-8.256021594,-5.506408908,-4.461751986,-3.910515816,-3.686622466,-3.665959879,-3.51818534,-3.511156428
United States,USA,no data,no data,no data,no data,no data,no data,no data,no data,no data,no data,no data,-0.536764341,-3.814422048,-4.764259435,-4.237157935,-3.06826339,-2.029220591,-2.905704959,-6.604442496,-13.17027673,-10.98271809,-9.702940276,-8.101544548,-4.547543597,-4.049080733,-3.531946155,-4.373343817,-4.801253764,-5.321852669,-5.74275231,-14.0033665,-11.62047731,-3.70613256,-8.238705628,-7.376835928,-7.448263613,-7.008215552,-6.710378157,-6.976219586
Uruguay,URY,no data,no data,no data,no data,no data,no data,no data,no data,no data,-2.760621101,-2.758227167,-2.852227928,-3.186486625,-2.193659378,-0.868099134,-0.275738268,-0.642892492,-0.15674844,-1.305397225,-1.393701368,-0.387287398,-0.333791228,-2.172756595,-1.721969024,-2.599698933,-1.856900865,-2.681398259,-2.510298667,-1.870038663,-2.618593521,-4.659028018,-2.604328797,-2.519845108,-3.231684281,-2.649155792,-2.454250464,-2.200995916,-2.03444806,-1.848316577
Uzbekistan,UZB,no data,no data,7.152428059,-11.95216255,-4.472884414,-1.769658195,-1.570536838,-2.048985542,-3.039163395,-2.906823583,-3.656908051,-3.278347196,-6.314540223,-4.871950383,-3.74113297,-3.521035255,2.722160671,3.554055237,5.970999651,1.818659929,2.561481844,5.109829284,5.885252278,2.1514224,1.898119725,-0.277268365,0.704305414,1.148478614,1.962785849,-0.324173433,-3.254572441,-4.552513303,-4.168826832,-4.561312204,-3.860293123,-3.264819946,-2.794626807,-2.825006441,-2.867174093
Vanuatu,VUT,no data,-2.807335586,-2.323452745,-3.668920433,-1.493169413,-2.586386722,-1.777150401,-0.507299342,-6.646458496,-0.552112543,-6.275681873,-3.326088394,-3.633901458,-1.348153476,0.799929726,1.856787506,0.485867139,0.27581383,-0.043098408,-0.845598116,-2.628161733,-2.19214861,-1.699818124,-0.245634101,1.437892444,-8.99745808,-0.741912865,-1.200085363,6.255011313,2.811167985,-1.947211924,2.328308443,-6.160835797,-9.166872739,-7.598541791,-7.179469886,-7.068097596,-6.902494033,-7.028563575
Venezuela,VEN,3.837691511,-2.276180348,-6.367893672,-2.920910866,-11.18743968,-5.864383715,7.939882773,2.577187545,-4.489350282,0.742750787,4.449624304,-4.593408018,-1.48231228,0.171416445,2.470453084,4.094750866,-1.604650049,-2.815425963,-3.46101926,-8.685966478,-4.73949128,-8.243967775,-9.855843359,-10.35148635,-9.808392236,-8.063351981,-8.462656974,-13.27311201,-30.27551372,-10.0049949,-5.013888695,-4.605536269,-6.024163828,-5.404728999,-4.96920122,-5.0356102,-5.055251973,-5.013858882,-4.990580262
Vietnam,VNM,no data,no data,no data,no data,no data,no data,no data,no data,-0.099042278,-1.245925401,-1.605298969,-2.192236614,-1.854854447,-2.558549626,-0.149549058,-0.953925795,0.200579869,-1.738695464,-0.447187085,-4.824294863,-2.250905538,-0.900955874,-5.46226463,-5.964025798,-5.016688996,-4.983223683,-3.163970782,-1.964006587,-1.021052308,-0.396728096,-2.861154439,-1.433239324,0.257038102,-1.33297998,-1.741151305,-2.053974653,-2.088351319,-2.058369202,-1.962718873
Yemen,YEM,-10.2734853,-5.761653995,-10.9048328,-12.79583453,-14.02725769,-5.739307577,-0.917932172,-1.502049329,-7.771003278,0.060175298,6.08732201,2.787014748,-0.555482488,-4.200715724,-2.152456222,-1.821754146,1.186180547,-7.183132372,-4.531695393,-10.21097569,-4.058458583,-4.506747746,-6.31517652,-6.897118695,-4.136083974,-8.749793204,-8.507021115,-4.904564229,-7.847146694,-5.885731037,-4.458158381,-0.918058254,-2.59645956,-2.676920222,-0.042352322,-0.882528353,-0.573199568,-0.487883638,-0.071966995
Zambia,ZMB,no data,no data,no data,no data,no data,no data,no data,no data,no data,no data,1.160610163,-5.892186391,-4.498904659,-5.314294719,-2.508440648,-2.372064414,16.91274579,-1.036850222,-0.667891772,-2.057125339,-2.432209004,-1.783438537,-3.15741804,-6.395299362,-5.43297664,-8.877561926,-5.690863327,-7.498812702,-8.308662167,-9.407188844,-13.78274722,-8.116119423,-7.657770782,-5.988984829,-4.624758894,-3.420929795,-4.376059065,-2.234913255,-1.202790288
Zimbabwe,ZWE,no data,no data,no data,no data,no data,no data,no data,no data,no data,no data,no data,no data,no data,no data,no data,-5.26517148,-2.14951619,-2.523453985,-1.804189355,-2.175792257,0.164142187,-2.527180347,0.021625465,-1.324272963,-1.111281092,-1.804484622,-6.619005285,-10.6346163,-5.415283267,-0.880705082,0.750951569,-2.162323645,-2.021694128,-4.076277005,-3.175883738,-2.694258602,-2.20328209,-2.16145455,-2.115925835
